=== PAGE 1 ===
АКЦІОНЕРНЕ ТОВАРИСТВО «АКЦЕНТ-БАНК»
вул. Батумська, 11, м. Днiпро, 49074, Україна
телефон: 7776, www.a-bank.com.ua
Міжнародні дзвінки: +38 (056) 722-05-55
Розрахунок заборгованостi за договором № Б\Н вiд 18.11.2020, укладеного мiж АТ
"АКЦЕНТ-БАНК" та клiєнтом Подольський Андрій Юрійович, ЄДРПОУ-3138306873,
станом на 14.06.2026
Дата операції
за
розрахунками
обліку
заборгованості
Кількість днів,
за які
нарахована
заборгованість
Залишок
поточної
заборгованості
за наданим
кредитом
(тілом кредиту)
Сальдо, на яке
в цьому
періоду
проценти не
нараховуються
(пільговий
період)
Залишок
простроченої
заборгованості
(тіло кредиту)
Процентна
ставка
(поточна)
Процентна
ставка
(прострочена)
Нараховано
відсотків на
залишок
поточної
заборгованості
за кредитом
Залишок за
процентами
(поточними)
Залишок за
процентами
(простроченими)
Штраф
Сума
погашення за
кредитним
договором
Загальний
залишок
заборгованості
2020-11-18 0 0.00 0.00 0.00 44.40 88.80 0.00 0.00 0.00 0.00 0.00 0.00
2020-11-19 1 -16386.00 0.00 0.00 44.40 88.80 0.00 0.00 0.00 0.00 0.00 -16386.00
2020-11-30 11 -16386.00 0.00 0.00 44.40 88.80 0.00 0.00 0.00 0.00 0.00 -16386.00
2020-12-01 1 -18720.00 0.00 0.00 44.40 88.80 0.00 0.00 0.00 0.00 16386.00 -18720.00
2020-12-02 1 -24397.54 0.00 0.00 44.40 88.80 0.00 0.00 0.00 0.00 0.00 -24397.54
2020-12-04 2 -24425.54 0.00 0.00 44.40 88.80 0.00 0.00 0.00 0.00 0.00 -24425.54
2020-12-05 1 -24429.54 0.00 0.00 44.40 88.80 0.00 0.00 0.00 0.00 0.00 -24429.54
2020-12-12 7 -28069.54 0.00 0.00 44.40 88.80 0.00 0.00 0.00 0.00 0.00 -28069.54
2020-12-18 6 -28761.37 0.00 0.00 44.40 88.80 0.00 0.00 0.00 0.00 0.00 -28761.37
2020-12-21 3 -28905.44 0.00 0.00 44.40 88.80 0.00 0.00 0.00 0.00 0.00 -28905.44
2020-12-24 3 -29039.31 0.00 0.00 44.40 88.80 0.00 0.00 0.00 0.00 0.00 -29039.31
2020-12-25 1 -29552.37 0.00 0.00 44.40 88.80 0.00 0.00 0.00 0.00 0.00 -29552.37
2020-12-28 3 -29906.81 0.00 0.00 44.40 88.80 0.00 0.00 0.00 0.00 3045.00 -29906.81
2020-12-29 1 -29936.81 0.00 0.00 44.40 88.80 0.00 0.00 0.00 0.00 0.00 -29936.81
2020-12-30 1 -29979.59 0.00 0.00 44.40 88.80 0.00 0.00 0.00 0.00 0.00 -29979.59
2020-12-31 1 -29979.59 0.00 0.00 44.40 88.80 0.00 0.00 0.00 0.00 0.00 -29979.59
2021-01-23 23 -26566.74 0.00 0.00 44.40 88.80 0.00 0.00 0.00 0.00 3412.85 -26566.74
2021-01-24 1 -25366.74 0.00 0.00 44.40 88.80 0.00 0.00 0.00 0.00 1200.00 -25366.74
2021-01-28 4 -28701.18 0.00 0.00 44.40 88.80 0.00 0.00 0.00 0.00 0.00 -28701.18
2021-01-31 3 -28701.18 0.00 0.00 44.40 88.80 -1958.17 -1958.17 0.00 0.00 0.00 -30659.35
2021-02-02 2 -16659.35 0.00 0.00 44.40 88.80 0.00 0.00 0.00 0.00 14000.00 -16659.35
2021-02-12 10 -16971.35 0.00 0.00 44.40 88.80 0.00 0.00 0.00 0.00 0.00 -16971.35
2021-02-13 1 -29971.35 0.00 0.00 44.40 88.80 0.00 0.00 0.00 0.00 0.00 -29971.35
2021-02-28 15 -33305.79 0.00 0.00 44.40 88.80 0.00 0.00 0.00 0.00 0.00 -33305.79
2021-03-01 1 -29910.79 0.00 0.00 44.40 88.80 0.00 0.00 0.00 0.00 4200.00 -29910.79

=== PAGE 2 ===
АКЦІОНЕРНЕ ТОВАРИСТВО «АКЦЕНТ-БАНК»
вул. Батумська, 11, м. Днiпро, 49074, Україна
телефон: 7776, www.a-bank.com.ua
Міжнародні дзвінки: +38 (056) 722-05-55
Дата операції
за
розрахунками
обліку
заборгованості
Кількість днів,
за які
нарахована
заборгованість
Залишок
поточної
заборгованості
за наданим
кредитом
(тілом кредиту)
Сальдо, на яке
в цьому
періоду
проценти не
нараховуються
(пільговий
період)
Залишок
простроченої
заборгованості
(тіло кредиту)
Процентна
ставка
(поточна)
Процентна
ставка
(прострочена)
Нараховано
відсотків на
залишок
поточної
заборгованості
за кредитом
Залишок за
процентами
(поточними)
Залишок за
процентами
(простроченими)
Штраф
Сума
погашення за
кредитним
договором
Загальний
залишок
заборгованості
2021-03-28 27 -33245.23 0.00 0.00 44.40 88.80 0.00 0.00 0.00 0.00 0.00 -33245.23
2021-03-31 3 -33245.23 0.00 0.00 44.40 88.80 -1055.15 -1055.15 0.00 0.00 0.00 -34300.38
2021-04-27 27 -20301.38 0.00 0.00 44.40 88.80 0.00 0.00 0.00 0.00 13999.00 -20301.38
2021-04-28 1 -23635.82 0.00 0.00 44.40 88.80 0.00 0.00 0.00 0.00 0.00 -23635.82
2021-04-30 2 -23635.82 0.00 0.00 44.40 88.80 -1082.63 -1082.63 0.00 0.00 0.00 -24718.45
2021-05-01 1 -21718.45 0.00 0.00 44.40 88.80 0.00 0.00 0.00 0.00 3000.00 -21718.45
2021-05-31 30 -25052.89 0.00 0.00 40.80 81.60 -758.47 -758.47 0.00 0.00 0.00 -25811.36
2021-06-12 12 -26903.80 0.00 0.00 40.80 81.60 0.00 -758.47 0.00 0.00 0.00 -27662.27
2021-06-16 4 -27606.24 0.00 0.00 40.80 81.60 0.00 -758.47 0.00 0.00 0.00 -28364.71
2021-06-24 8 -26864.71 0.00 0.00 40.80 81.60 0.00 0.00 0.00 0.00 1500.00 -26864.71
2021-06-28 4 -28292.41 0.00 0.00 40.80 81.60 0.00 0.00 0.00 0.00 0.00 -28292.41
2021-06-29 1 -28343.51 0.00 0.00 40.80 81.60 0.00 0.00 0.00 0.00 0.00 -28343.51
2021-06-30 1 -28343.51 0.00 0.00 40.80 81.60 -897.91 -897.91 0.00 0.00 0.00 -29241.42
2021-07-01 1 -27241.42 0.00 0.00 40.80 81.60 0.00 0.00 0.00 0.00 2000.00 -27241.42
2021-07-17 16 -27646.42 0.00 0.00 40.80 81.60 0.00 0.00 0.00 0.00 0.00 -27646.42
2021-07-19 2 -27826.39 0.00 0.00 40.80 81.60 0.00 0.00 0.00 0.00 0.00 -27826.39
2021-07-20 1 -28277.96 0.00 0.00 40.80 81.60 0.00 0.00 0.00 0.00 0.00 -28277.96
2021-07-21 1 -28707.96 0.00 0.00 40.80 81.60 0.00 0.00 0.00 0.00 0.00 -28707.96
2021-07-22 1 -28859.96 0.00 0.00 40.80 81.60 0.00 0.00 0.00 0.00 0.00 -28859.96
2021-07-23 1 -29358.96 0.00 0.00 40.80 81.60 0.00 0.00 0.00 0.00 0.00 -29358.96
2021-07-24 1 -29517.96 0.00 0.00 40.80 81.60 0.00 0.00 0.00 0.00 0.00 -29517.96
2021-07-26 2 -29907.96 0.00 0.00 40.80 81.60 0.00 0.00 0.00 0.00 0.00 -29907.96
2021-07-31 5 -29907.96 0.00 0.00 40.80 81.60 -979.88 -979.88 0.00 0.00 0.00 -30887.84
2021-08-26 26 -29287.84 0.00 0.00 40.80 81.60 0.00 0.00 0.00 0.00 1600.00 -29287.84
2021-08-31 5 -29287.84 0.00 0.00 40.80 81.60 -1032.92 -1032.92 0.00 0.00 0.00 -30320.76
2021-09-01 1 -29287.84 0.00 0.00 40.80 81.60 0.00 -332.92 0.00 0.00 700.00 -29620.76
2021-09-27 26 -28620.76 0.00 0.00 40.80 81.60 0.00 0.00 0.00 0.00 1000.00 -28620.76

=== PAGE 3 ===
АКЦІОНЕРНЕ ТОВАРИСТВО «АКЦЕНТ-БАНК»
вул. Батумська, 11, м. Днiпро, 49074, Україна
телефон: 7776, www.a-bank.com.ua
Міжнародні дзвінки: +38 (056) 722-05-55
Дата операції
за
розрахунками
обліку
заборгованості
Кількість днів,
за які
нарахована
заборгованість
Залишок
поточної
заборгованості
за наданим
кредитом
(тілом кредиту)
Сальдо, на яке
в цьому
періоду
проценти не
нараховуються
(пільговий
період)
Залишок
простроченої
заборгованості
(тіло кредиту)
Процентна
ставка
(поточна)
Процентна
ставка
(прострочена)
Нараховано
відсотків на
залишок
поточної
заборгованості
за кредитом
Залишок за
процентами
(поточними)
Залишок за
процентами
(простроченими)
Штраф
Сума
погашення за
кредитним
договором
Загальний
залишок
заборгованості
2021-09-30 3 -28620.76 0.00 0.00 40.80 81.60 -979.89 -979.89 0.00 0.00 0.00 -29600.65
2021-10-01 1 -28100.65 0.00 0.00 40.80 81.60 0.00 0.00 0.00 0.00 1500.00 -28100.65
2021-10-02 1 0.00 0.00 0.00 40.80 81.60 0.00 0.00 0.00 0.00 28336.36 235.71
2021-10-04 2 0.00 0.00 0.00 40.80 81.60 0.00 0.00 0.00 0.00 0.00 144.81
2021-10-31 27 0.00 0.00 0.00 40.80 81.60 -32.01 -32.01 0.00 0.00 0.00 112.80
2021-11-30 30 0.00 0.00 0.00 40.80 81.60 0.00 0.00 0.00 0.00 0.00 112.80
2021-12-02 2 -689.22 0.00 0.00 40.80 81.60 0.00 0.00 0.00 0.00 0.00 -689.22
2021-12-03 1 -895.95 0.00 0.00 40.80 81.60 0.00 0.00 0.00 0.00 0.00 -895.95
2021-12-04 1 -4171.83 0.00 0.00 40.80 81.60 0.00 0.00 0.00 0.00 0.00 -4171.83
2021-12-05 1 -5168.83 0.00 0.00 40.80 81.60 0.00 0.00 0.00 0.00 0.00 -5168.83
2021-12-06 1 -6547.65 0.00 0.00 40.80 81.60 0.00 0.00 0.00 0.00 0.00 -6547.65
2021-12-07 1 -8524.93 0.00 0.00 40.80 81.60 0.00 0.00 0.00 0.00 0.00 -8524.93
2021-12-08 1 -10133.06 0.00 0.00 40.80 81.60 0.00 0.00 0.00 0.00 0.00 -10133.06
2021-12-09 1 -11011.06 0.00 0.00 40.80 81.60 0.00 0.00 0.00 0.00 0.00 -11011.06
2021-12-10 1 -11802.74 0.00 0.00 40.80 81.60 0.00 0.00 0.00 0.00 0.00 -11802.74
2021-12-11 1 -13374.42 0.00 0.00 40.80 81.60 0.00 0.00 0.00 0.00 0.00 -13374.42
2021-12-12 1 -14766.01 0.00 0.00 40.80 81.60 0.00 0.00 0.00 0.00 0.00 -14766.01
2021-12-13 1 -15310.29 0.00 0.00 40.80 81.60 0.00 0.00 0.00 0.00 0.00 -15310.29
2021-12-14 1 -15254.59 0.00 0.00 40.80 81.60 0.00 0.00 0.00 0.00 413.70 -15254.59
2021-12-15 1 -17343.87 0.00 0.00 40.80 81.60 0.00 0.00 0.00 0.00 0.00 -17343.87
2021-12-16 1 -17398.87 0.00 0.00 40.80 81.60 0.00 0.00 0.00 0.00 0.00 -17398.87
2021-12-17 1 -17590.37 0.00 0.00 40.80 81.60 0.00 0.00 0.00 0.00 0.00 -17590.37
2021-12-18 1 -18869.15 0.00 0.00 40.80 81.60 0.00 0.00 0.00 0.00 0.00 -18869.15
2021-12-19 1 -19220.44 0.00 0.00 40.80 81.60 0.00 0.00 0.00 0.00 0.00 -19220.44
2021-12-20 1 -19973.65 0.00 0.00 40.80 81.60 0.00 0.00 0.00 0.00 0.00 -19973.65
2021-12-21 1 -23865.18 0.00 0.00 40.80 81.60 0.00 0.00 0.00 0.00 0.00 -23865.18
2021-12-22 1 -24438.37 0.00 0.00 40.80 81.60 0.00 0.00 0.00 0.00 0.00 -24438.37

=== PAGE 4 ===
АКЦІОНЕРНЕ ТОВАРИСТВО «АКЦЕНТ-БАНК»
вул. Батумська, 11, м. Днiпро, 49074, Україна
телефон: 7776, www.a-bank.com.ua
Міжнародні дзвінки: +38 (056) 722-05-55
Дата операції
за
розрахунками
обліку
заборгованості
Кількість днів,
за які
нарахована
заборгованість
Залишок
поточної
заборгованості
за наданим
кредитом
(тілом кредиту)
Сальдо, на яке
в цьому
періоду
проценти не
нараховуються
(пільговий
період)
Залишок
простроченої
заборгованості
(тіло кредиту)
Процентна
ставка
(поточна)
Процентна
ставка
(прострочена)
Нараховано
відсотків на
залишок
поточної
заборгованості
за кредитом
Залишок за
процентами
(поточними)
Залишок за
процентами
(простроченими)
Штраф
Сума
погашення за
кредитним
договором
Загальний
залишок
заборгованості
2021-12-23 1 -26579.15 0.00 0.00 40.80 81.60 0.00 0.00 0.00 0.00 0.00 -26579.15
2021-12-24 1 -27135.88 0.00 0.00 40.80 81.60 0.00 0.00 0.00 0.00 0.00 -27135.88
2021-12-25 1 -29019.66 0.00 0.00 40.80 81.60 0.00 0.00 0.00 0.00 0.00 -29019.66
2021-12-26 1 -29842.29 0.00 0.00 40.80 81.60 0.00 0.00 0.00 0.00 0.00 -29842.29
2021-12-27 1 -29922.29 0.00 0.00 40.80 81.60 0.00 0.00 0.00 0.00 0.00 -29922.29
2021-12-31 4 -29922.29 0.00 0.00 40.80 81.60 0.00 0.00 0.00 0.00 0.00 -29922.29
2022-01-31 31 -28422.29 0.00 0.00 40.80 81.60 -1671.58 -1671.58 0.00 0.00 1500.00 -30093.87
2022-02-01 1 -28422.29 0.00 0.00 40.80 81.60 0.00 -1571.58 0.00 0.00 100.00 -29993.87
2022-02-28 27 -28422.29 0.00 0.00 40.80 81.60 -889.58 -2461.16 0.00 0.00 0.00 -30883.45
2022-03-31 31 -28422.29 0.00 0.00 40.80 81.60 -984.88 -3446.04 0.00 0.00 0.00 -31868.33
2022-04-30 30 -28422.29 0.00 0.00 40.80 81.60 -953.11 -4399.15 0.00 0.00 0.00 -32821.44
2022-05-31 31 -28422.29 0.00 0.00 40.80 81.60 -984.92 -5384.07 0.00 0.00 0.00 -33806.36
2022-06-30 30 -28422.29 0.00 0.00 40.80 81.60 -953.12 -6337.19 0.00 0.00 0.00 -34759.48
2022-07-31 31 -28422.29 0.00 0.00 40.80 81.60 -984.89 -7322.08 0.00 0.00 0.00 -35744.37
2022-08-01 1 -27985.03 0.00 -437.26 40.80 81.60 0.00 -6368.96 -953.12 0.00 0.00 -35744.37
2022-08-22 21 -27985.03 0.00 -437.26 40.80 81.60 0.00 -6368.96 -753.12 0.00 200.00 -35544.37
2022-08-31 9 -27985.03 0.00 -437.26 40.80 81.60 -984.87 -7353.83 -753.12 0.00 0.00 -36529.24
2022-09-01 1 -27540.15 0.00 -882.14 40.80 81.60 0.00 -6368.94 -1738.01 0.00 0.00 -36529.24
2022-09-13 12 0.00 0.00 0.00 40.80 81.60 0.00 0.00 0.00 0.00 40000.00 3470.76
2022-09-30 17 0.00 0.00 0.00 40.80 81.60 -381.25 -381.25 0.00 0.00 0.00 3089.51
2022-10-08 8 0.00 0.00 0.00 40.80 81.60 0.00 0.00 0.00 0.00 0.00 567.01
2022-10-15 7 0.00 0.00 0.00 40.80 81.60 0.00 0.00 0.00 0.00 0.00 522.01
2022-10-16 1 0.00 0.00 0.00 40.80 81.60 0.00 0.00 0.00 0.00 0.00 409.71
2022-10-18 2 0.00 0.00 0.00 40.80 81.60 0.00 0.00 0.00 0.00 0.00 319.41
2022-10-31 13 0.00 0.00 0.00 40.80 81.60 0.00 0.00 0.00 0.00 0.00 319.41
2022-11-30 30 0.00 0.00 0.00 40.80 81.60 0.00 0.00 0.00 0.00 0.00 319.41
2022-12-31 31 0.00 0.00 0.00 40.80 81.60 0.00 0.00 0.00 0.00 0.00 319.41

=== PAGE 5 ===
АКЦІОНЕРНЕ ТОВАРИСТВО «АКЦЕНТ-БАНК»
вул. Батумська, 11, м. Днiпро, 49074, Україна
телефон: 7776, www.a-bank.com.ua
Міжнародні дзвінки: +38 (056) 722-05-55
Дата операції
за
розрахунками
обліку
заборгованості
Кількість днів,
за які
нарахована
заборгованість
Залишок
поточної
заборгованості
за наданим
кредитом
(тілом кредиту)
Сальдо, на яке
в цьому
періоду
проценти не
нараховуються
(пільговий
період)
Залишок
простроченої
заборгованості
(тіло кредиту)
Процентна
ставка
(поточна)
Процентна
ставка
(прострочена)
Нараховано
відсотків на
залишок
поточної
заборгованості
за кредитом
Залишок за
процентами
(поточними)
Залишок за
процентами
(простроченими)
Штраф
Сума
погашення за
кредитним
договором
Загальний
залишок
заборгованості
2023-01-31 31 0.00 0.00 0.00 40.80 81.60 0.00 0.00 0.00 0.00 0.00 319.41
2023-02-28 28 0.00 0.00 0.00 40.80 81.60 0.00 0.00 0.00 0.00 0.00 319.41
2023-03-31 31 0.00 0.00 0.00 40.80 81.60 0.00 0.00 0.00 0.00 0.00 319.41
2023-04-30 30 0.00 0.00 0.00 40.80 81.60 0.00 0.00 0.00 0.00 0.00 319.41
2023-05-31 31 0.00 0.00 0.00 40.80 81.60 0.00 0.00 0.00 0.00 0.00 319.41
2023-06-28 28 -1227.81 0.00 0.00 40.80 81.60 0.00 0.00 0.00 0.00 0.00 -1227.81
2023-06-30 2 -1227.81 0.00 0.00 40.80 81.60 0.00 0.00 0.00 0.00 0.00 -1227.81
2023-07-10 10 0.00 0.00 0.00 40.80 81.60 0.00 0.00 0.00 0.00 1300.00 72.19
2023-07-31 21 0.00 0.00 0.00 40.80 81.60 0.00 0.00 0.00 0.00 0.00 72.19
2023-08-11 11 0.00 0.00 0.00 40.80 81.60 0.00 0.00 0.00 0.00 0.00 11.19
2023-08-18 7 0.00 0.00 0.00 40.80 81.60 0.00 0.00 0.00 0.00 100.00 111.19
2023-08-20 2 0.00 0.00 0.00 40.80 81.60 0.00 0.00 0.00 0.00 0.00 67.19
2023-08-21 1 0.00 0.00 0.00 40.80 81.60 0.00 0.00 0.00 0.00 0.00 59.19
2023-08-22 1 0.00 0.00 0.00 40.80 81.60 0.00 0.00 0.00 0.00 0.00 7.19
2023-08-25 3 -8312.52 0.00 0.00 40.80 81.60 0.00 0.00 0.00 0.00 0.00 -8312.52
2023-08-26 1 -10465.44 0.00 0.00 40.80 81.60 0.00 0.00 0.00 0.00 0.00 -10465.44
2023-08-27 1 -10757.74 0.00 0.00 40.80 81.60 0.00 0.00 0.00 0.00 0.00 -10757.74
2023-08-28 1 -11654.06 0.00 0.00 40.80 81.60 0.00 0.00 0.00 0.00 549.12 -11654.06
2023-08-29 1 -12736.30 0.00 0.00 40.80 81.60 0.00 0.00 0.00 0.00 0.00 -12736.30
2023-08-30 1 -13454.40 0.00 0.00 40.80 81.60 0.00 0.00 0.00 0.00 0.00 -13454.40
2023-08-31 1 -13454.40 0.00 0.00 40.80 81.60 0.00 0.00 0.00 0.00 0.00 -13454.40
2023-09-01 1 -17094.40 0.00 0.00 40.80 81.60 0.00 0.00 0.00 0.00 0.00 -17094.40
2023-09-02 1 -17134.90 0.00 0.00 40.80 81.60 0.00 0.00 0.00 0.00 0.00 -17134.90
2023-09-03 1 -17388.14 0.00 0.00 40.80 81.60 0.00 0.00 0.00 0.00 0.00 -17388.14
2023-09-04 1 -17548.14 0.00 0.00 40.80 81.60 0.00 0.00 0.00 0.00 0.00 -17548.14
2023-09-05 1 -17888.44 0.00 0.00 40.80 81.60 0.00 0.00 0.00 0.00 0.00 -17888.44
2023-09-07 2 -18032.12 0.00 0.00 40.80 81.60 0.00 0.00 0.00 0.00 0.00 -18032.12

=== PAGE 6 ===
АКЦІОНЕРНЕ ТОВАРИСТВО «АКЦЕНТ-БАНК»
вул. Батумська, 11, м. Днiпро, 49074, Україна
телефон: 7776, www.a-bank.com.ua
Міжнародні дзвінки: +38 (056) 722-05-55
Дата операції
за
розрахунками
обліку
заборгованості
Кількість днів,
за які
нарахована
заборгованість
Залишок
поточної
заборгованості
за наданим
кредитом
(тілом кредиту)
Сальдо, на яке
в цьому
періоду
проценти не
нараховуються
(пільговий
період)
Залишок
простроченої
заборгованості
(тіло кредиту)
Процентна
ставка
(поточна)
Процентна
ставка
(прострочена)
Нараховано
відсотків на
залишок
поточної
заборгованості
за кредитом
Залишок за
процентами
(поточними)
Залишок за
процентами
(простроченими)
Штраф
Сума
погашення за
кредитним
договором
Загальний
залишок
заборгованості
2023-09-08 1 -19568.12 0.00 0.00 40.80 81.60 0.00 0.00 0.00 0.00 0.00 -19568.12
2023-09-09 1 -20228.12 0.00 0.00 40.80 81.60 0.00 0.00 0.00 0.00 520.00 -20228.12
2023-09-10 1 -20750.10 0.00 0.00 40.80 81.60 0.00 0.00 0.00 0.00 0.00 -20750.10
2023-09-11 1 -21016.10 0.00 0.00 40.80 81.60 0.00 0.00 0.00 0.00 0.00 -21016.10
2023-09-12 1 -21218.10 0.00 0.00 40.80 81.60 0.00 0.00 0.00 0.00 0.00 -21218.10
2023-09-13 1 -21474.10 0.00 0.00 40.80 81.60 0.00 0.00 0.00 0.00 0.00 -21474.10
2023-09-14 1 -21140.10 0.00 0.00 40.80 81.60 0.00 0.00 0.00 0.00 400.00 -21140.10
2023-09-15 1 -22330.10 0.00 0.00 40.80 81.60 0.00 0.00 0.00 0.00 5000.00 -22330.10
2023-09-16 1 -22883.10 0.00 0.00 40.80 81.60 0.00 0.00 0.00 0.00 0.00 -22883.10
2023-09-17 1 -23491.90 0.00 0.00 40.80 81.60 0.00 0.00 0.00 0.00 0.00 -23491.90
2023-09-18 1 -23592.90 0.00 0.00 40.80 81.60 0.00 0.00 0.00 0.00 0.00 -23592.90
2023-09-19 1 -23689.80 0.00 0.00 40.80 81.60 0.00 0.00 0.00 0.00 0.00 -23689.80
2023-09-20 1 -23754.80 0.00 0.00 40.80 81.60 0.00 0.00 0.00 0.00 0.00 -23754.80
2023-09-21 1 -24029.80 0.00 0.00 40.80 81.60 0.00 0.00 0.00 0.00 0.00 -24029.80
2023-09-22 1 -33165.80 0.00 0.00 40.80 81.60 0.00 0.00 0.00 0.00 0.00 -33165.80
2023-09-23 1 -34893.08 0.00 0.00 40.80 81.60 0.00 0.00 0.00 0.00 0.00 -34893.08
2023-09-24 1 -35448.78 0.00 0.00 40.80 81.60 0.00 0.00 0.00 0.00 0.00 -35448.78
2023-09-25 1 -41431.90 0.00 0.00 40.80 81.60 0.00 0.00 0.00 0.00 0.00 -41431.90
2023-09-26 1 -41709.59 0.00 0.00 40.80 81.60 0.00 0.00 0.00 0.00 0.00 -41709.59
2023-09-27 1 -42002.59 0.00 0.00 40.80 81.60 0.00 0.00 0.00 0.00 0.00 -42002.59
2023-09-28 1 -42138.39 0.00 0.00 40.80 81.60 0.00 0.00 0.00 0.00 0.00 -42138.39
2023-09-29 1 -42300.39 0.00 0.00 40.80 81.60 0.00 0.00 0.00 0.00 0.00 -42300.39
2023-09-30 1 -42459.39 0.00 0.00 40.80 81.60 -1013.91 -1013.91 0.00 0.00 0.00 -43473.30
2023-10-01 1 -47389.71 0.00 0.00 40.80 81.60 0.00 -1013.91 0.00 0.00 0.00 -48403.62
2023-10-02 1 -48294.71 0.00 0.00 40.80 81.60 0.00 -1013.91 0.00 0.00 0.00 -49308.62
2023-10-03 1 -49259.14 0.00 0.00 40.80 81.60 0.00 -1013.91 0.00 0.00 0.00 -50273.05
2023-10-04 1 -49383.14 0.00 0.00 40.80 81.60 0.00 -1013.91 0.00 0.00 0.00 -50397.05

=== PAGE 7 ===
АКЦІОНЕРНЕ ТОВАРИСТВО «АКЦЕНТ-БАНК»
вул. Батумська, 11, м. Днiпро, 49074, Україна
телефон: 7776, www.a-bank.com.ua
Міжнародні дзвінки: +38 (056) 722-05-55
Дата операції
за
розрахунками
обліку
заборгованості
Кількість днів,
за які
нарахована
заборгованість
Залишок
поточної
заборгованості
за наданим
кредитом
(тілом кредиту)
Сальдо, на яке
в цьому
періоду
проценти не
нараховуються
(пільговий
період)
Залишок
простроченої
заборгованості
(тіло кредиту)
Процентна
ставка
(поточна)
Процентна
ставка
(прострочена)
Нараховано
відсотків на
залишок
поточної
заборгованості
за кредитом
Залишок за
процентами
(поточними)
Залишок за
процентами
(простроченими)
Штраф
Сума
погашення за
кредитним
договором
Загальний
залишок
заборгованості
2023-10-05 1 -49460.14 0.00 0.00 40.80 81.60 0.00 -1013.91 0.00 0.00 0.00 -50474.05
2023-10-06 1 -49691.17 0.00 0.00 40.80 81.60 0.00 -1013.91 0.00 0.00 0.00 -50705.08
2023-10-08 2 -49849.47 0.00 0.00 40.80 81.60 0.00 -1013.91 0.00 0.00 0.00 -50863.38
2023-10-09 1 -50114.57 0.00 0.00 40.80 81.60 0.00 -1013.91 0.00 0.00 0.00 -51128.48
2023-10-10 1 -50259.37 0.00 0.00 40.80 81.60 0.00 -1013.91 0.00 0.00 0.00 -51273.28
2023-10-11 1 -51083.37 0.00 0.00 40.80 81.60 0.00 -1013.91 0.00 0.00 0.00 -52097.28
2023-10-12 1 -51218.37 0.00 0.00 40.80 81.60 0.00 -1013.91 0.00 0.00 0.00 -52232.28
2023-10-13 1 -51273.37 0.00 0.00 40.80 81.60 0.00 -1013.91 0.00 0.00 0.00 -52287.28
2023-10-14 1 -52029.37 0.00 0.00 40.80 81.60 0.00 -1013.91 0.00 0.00 0.00 -53043.28
2023-10-15 1 -52693.67 0.00 0.00 40.80 81.60 0.00 -1013.91 0.00 0.00 0.00 -53707.58
2023-10-16 1 -53109.67 0.00 0.00 40.80 81.60 0.00 -1013.91 0.00 0.00 0.00 -54123.58
2023-10-17 1 -49178.58 0.00 0.00 40.80 81.60 0.00 0.00 0.00 0.00 5000.00 -49178.58
2023-10-18 1 -49238.88 0.00 0.00 40.80 81.60 0.00 0.00 0.00 0.00 0.00 -49238.88
2023-10-19 1 -49266.88 0.00 0.00 40.80 81.60 0.00 0.00 0.00 0.00 0.00 -49266.88
2023-10-20 1 -49436.88 0.00 0.00 40.80 81.60 0.00 0.00 0.00 0.00 0.00 -49436.88
2023-10-22 2 -49840.45 0.00 0.00 40.80 81.60 0.00 0.00 0.00 0.00 0.00 -49840.45
2023-10-23 1 -50590.52 0.00 0.00 40.80 81.60 0.00 0.00 0.00 0.00 0.00 -50590.52
2023-10-25 2 -51352.72 0.00 0.00 40.80 81.60 0.00 0.00 0.00 0.00 0.00 -51352.72
2023-10-26 1 -51413.02 0.00 0.00 40.80 81.60 0.00 0.00 0.00 0.00 0.00 -51413.02
2023-10-30 4 -51518.02 0.00 0.00 40.80 81.60 0.00 0.00 0.00 0.00 0.00 -51518.02
2023-10-31 1 -51534.02 0.00 0.00 40.80 81.60 -1757.91 -1757.91 0.00 0.00 0.00 -53291.93
2023-11-01 1 -52590.27 0.00 0.00 40.80 81.60 0.00 -1757.91 0.00 0.00 0.00 -54348.18
2023-11-03 2 -57306.27 0.00 0.00 40.80 81.60 0.00 -1757.91 0.00 0.00 0.00 -59064.18
2023-11-04 1 -58001.27 0.00 0.00 40.80 81.60 0.00 -1757.91 0.00 0.00 0.00 -59759.18
2023-11-05 1 -58029.17 0.00 0.00 40.80 81.60 0.00 -1757.91 0.00 0.00 0.00 -59787.08
2023-11-06 1 -58208.02 0.00 0.00 40.80 81.60 0.00 -1757.91 0.00 0.00 0.00 -59965.93
2023-11-07 1 -58256.02 0.00 0.00 40.80 81.60 0.00 -1757.91 0.00 0.00 0.00 -60013.93

=== PAGE 8 ===
АКЦІОНЕРНЕ ТОВАРИСТВО «АКЦЕНТ-БАНК»
вул. Батумська, 11, м. Днiпро, 49074, Україна
телефон: 7776, www.a-bank.com.ua
Міжнародні дзвінки: +38 (056) 722-05-55
Дата операції
за
розрахунками
обліку
заборгованості
Кількість днів,
за які
нарахована
заборгованість
Залишок
поточної
заборгованості
за наданим
кредитом
(тілом кредиту)
Сальдо, на яке
в цьому
періоду
проценти не
нараховуються
(пільговий
період)
Залишок
простроченої
заборгованості
(тіло кредиту)
Процентна
ставка
(поточна)
Процентна
ставка
(прострочена)
Нараховано
відсотків на
залишок
поточної
заборгованості
за кредитом
Залишок за
процентами
(поточними)
Залишок за
процентами
(простроченими)
Штраф
Сума
погашення за
кредитним
договором
Загальний
залишок
заборгованості
2023-11-08 1 -58316.02 0.00 0.00 40.80 81.60 0.00 -1757.91 0.00 0.00 0.00 -60073.93
2023-11-09 1 -25323.93 0.00 0.00 40.80 81.60 0.00 0.00 0.00 0.00 34810.00 -25323.93
2023-11-10 1 -25416.23 0.00 0.00 40.80 81.60 0.00 0.00 0.00 0.00 0.00 -25416.23
2023-11-11 1 -25464.23 0.00 0.00 40.80 81.60 0.00 0.00 0.00 0.00 0.00 -25464.23
2023-11-13 2 -25768.23 0.00 0.00 40.80 81.60 0.00 0.00 0.00 0.00 0.00 -25768.23
2023-11-14 1 -25816.23 0.00 0.00 40.80 81.60 0.00 0.00 0.00 0.00 0.00 -25816.23
2023-11-15 1 -25844.23 0.00 0.00 40.80 81.60 0.00 0.00 0.00 0.00 0.00 -25844.23
2023-11-16 1 -25882.23 0.00 0.00 40.80 81.60 0.00 0.00 0.00 0.00 0.00 -25882.23
2023-11-17 1 -26542.26 0.00 0.00 40.80 81.60 0.00 0.00 0.00 0.00 0.00 -26542.26
2023-11-18 1 -26592.26 0.00 0.00 40.80 81.60 0.00 0.00 0.00 0.00 0.00 -26592.26
2023-11-19 1 -26624.56 0.00 0.00 40.80 81.60 0.00 0.00 0.00 0.00 0.00 -26624.56
2023-11-20 1 -26796.56 0.00 0.00 40.80 81.60 0.00 0.00 0.00 0.00 0.00 -26796.56
2023-11-21 1 -26834.56 0.00 0.00 40.80 81.60 0.00 0.00 0.00 0.00 0.00 -26834.56
2023-11-22 1 -27029.16 0.00 0.00 40.80 81.60 0.00 0.00 0.00 0.00 0.00 -27029.16
2023-11-23 1 -27067.16 0.00 0.00 40.80 81.60 0.00 0.00 0.00 0.00 0.00 -27067.16
2023-11-24 1 -33345.16 0.00 0.00 40.80 81.60 0.00 0.00 0.00 0.00 0.00 -33345.16
2023-11-25 1 -34260.16 0.00 0.00 40.80 81.60 0.00 0.00 0.00 0.00 0.00 -34260.16
2023-11-30 5 -34260.16 0.00 0.00 40.80 81.60 -1267.15 -1267.15 0.00 0.00 0.00 -35527.31
2023-12-01 1 -34290.16 0.00 0.00 40.80 81.60 0.00 -1267.15 0.00 0.00 0.00 -35557.31
2023-12-04 3 -34751.02 0.00 0.00 40.80 81.60 0.00 -1267.15 0.00 0.00 0.00 -36018.17
2023-12-09 5 -36802.18 0.00 0.00 40.80 81.60 0.00 -1267.15 0.00 0.00 0.00 -38069.33
2023-12-13 4 -37243.18 0.00 0.00 40.80 81.60 0.00 -1267.15 0.00 0.00 0.00 -38510.33
2023-12-20 7 -36510.33 0.00 0.00 40.80 81.60 0.00 0.00 0.00 0.00 2000.00 -36510.33
2023-12-30 10 -37836.29 0.00 0.00 40.80 81.60 0.00 0.00 0.00 0.00 0.00 -37836.29
2023-12-31 1 -37836.29 0.00 0.00 40.80 81.60 -1262.25 -1262.25 0.00 0.00 0.00 -39098.54
2024-01-01 1 -40956.29 0.00 0.00 40.80 81.60 0.00 -1262.25 0.00 0.00 0.00 -42218.54
2024-01-04 3 -42892.73 0.00 0.00 40.80 81.60 0.00 -1262.25 0.00 0.00 0.00 -44154.98

=== PAGE 9 ===
АКЦІОНЕРНЕ ТОВАРИСТВО «АКЦЕНТ-БАНК»
вул. Батумська, 11, м. Днiпро, 49074, Україна
телефон: 7776, www.a-bank.com.ua
Міжнародні дзвінки: +38 (056) 722-05-55
Дата операції
за
розрахунками
обліку
заборгованості
Кількість днів,
за які
нарахована
заборгованість
Залишок
поточної
заборгованості
за наданим
кредитом
(тілом кредиту)
Сальдо, на яке
в цьому
періоду
проценти не
нараховуються
(пільговий
період)
Залишок
простроченої
заборгованості
(тіло кредиту)
Процентна
ставка
(поточна)
Процентна
ставка
(прострочена)
Нараховано
відсотків на
залишок
поточної
заборгованості
за кредитом
Залишок за
процентами
(поточними)
Залишок за
процентами
(простроченими)
Штраф
Сума
погашення за
кредитним
договором
Загальний
залишок
заборгованості
2024-01-05 1 -43230.13 0.00 0.00 40.80 81.60 0.00 -1262.25 0.00 0.00 0.00 -44492.38
2024-01-08 3 -23139.12 0.00 0.00 40.80 81.60 0.00 0.00 0.00 0.00 31009.12 -23139.12
2024-01-09 1 -25190.28 0.00 0.00 40.80 81.60 0.00 0.00 0.00 0.00 0.00 -25190.28
2024-01-11 2 -29152.14 0.00 0.00 40.80 81.60 0.00 0.00 0.00 0.00 0.00 -29152.14
2024-01-16 5 -30088.14 0.00 0.00 40.80 81.60 0.00 0.00 0.00 0.00 0.00 -30088.14
2024-01-17 1 -34024.85 0.00 0.00 40.80 81.60 0.00 0.00 0.00 0.00 0.00 -34024.85
2024-01-24 7 -37839.37 0.00 0.00 40.80 81.60 0.00 0.00 0.00 0.00 0.00 -37839.37
2024-01-25 1 -42107.53 0.00 0.00 40.80 81.60 0.00 0.00 0.00 0.00 0.00 -42107.53
2024-01-30 5 -50055.53 0.00 0.00 40.80 81.60 0.00 0.00 0.00 0.00 0.00 -50055.53
2024-01-31 1 -50055.53 0.00 0.00 40.80 81.60 -1322.62 -1322.62 0.00 0.00 0.00 -51378.15
2024-02-03 3 -51199.53 0.00 0.00 40.80 81.60 0.00 -1322.62 0.00 0.00 0.00 -52522.15
2024-02-04 1 -53115.65 0.00 0.00 40.80 81.60 0.00 -1322.62 0.00 0.00 0.00 -54438.27
2024-02-08 4 -58195.12 0.00 0.00 40.80 81.60 0.00 -1322.62 0.00 0.00 0.00 -59517.74
2024-02-09 1 -60246.28 0.00 0.00 40.80 81.60 0.00 -1322.62 0.00 0.00 0.00 -61568.90
2024-02-23 14 -59468.90 0.00 0.00 40.80 81.60 0.00 0.00 0.00 0.00 2100.00 -59468.90
2024-02-25 2 -62916.50 0.00 0.00 40.80 81.60 0.00 0.00 0.00 0.00 0.00 -62916.50
2024-02-29 4 -62916.50 0.00 0.00 40.80 81.60 -1900.51 -1900.51 0.00 0.00 0.00 -64817.01
2024-03-08 8 -64746.79 0.00 0.00 40.80 81.60 0.00 -1900.51 0.00 0.00 0.00 -66647.30
2024-03-09 1 -66797.95 0.00 0.00 40.80 81.60 0.00 -1900.51 0.00 0.00 0.00 -68698.46
2024-03-31 22 -66797.95 0.00 0.00 40.80 81.60 -2275.80 -4176.31 0.00 0.00 0.00 -70974.26
2024-04-01 1 -66105.78 0.00 -692.17 40.80 81.60 0.00 -2275.80 -1900.51 0.00 0.00 -70974.26
2024-04-08 7 -67936.07 0.00 -692.17 40.80 81.60 0.00 -2275.80 -1900.51 0.00 0.00 -72804.55
2024-04-09 1 -69987.23 0.00 -692.17 40.80 81.60 0.00 -2275.80 -1900.51 0.00 0.00 -74855.71
2024-04-17 8 -69987.23 0.00 -692.17 40.80 81.60 0.00 -2275.80 -1700.51 0.00 200.00 -74655.71
2024-04-26 9 -69987.23 0.00 0.00 40.80 81.60 0.00 -2268.48 0.00 0.00 2400.00 -72255.71
2024-04-30 4 -69987.23 0.00 0.00 40.80 81.60 -2328.03 -4596.51 0.00 0.00 0.00 -74583.74
2024-05-01 1 -69424.06 0.00 -563.17 40.80 81.60 0.00 -2328.03 -2268.48 0.00 0.00 -74583.74

=== PAGE 10 ===
АКЦІОНЕРНЕ ТОВАРИСТВО «АКЦЕНТ-БАНК»
вул. Батумська, 11, м. Днiпро, 49074, Україна
телефон: 7776, www.a-bank.com.ua
Міжнародні дзвінки: +38 (056) 722-05-55
Дата операції
за
розрахунками
обліку
заборгованості
Кількість днів,
за які
нарахована
заборгованість
Залишок
поточної
заборгованості
за наданим
кредитом
(тілом кредиту)
Сальдо, на яке
в цьому
періоду
проценти не
нараховуються
(пільговий
період)
Залишок
простроченої
заборгованості
(тіло кредиту)
Процентна
ставка
(поточна)
Процентна
ставка
(прострочена)
Нараховано
відсотків на
залишок
поточної
заборгованості
за кредитом
Залишок за
процентами
(поточними)
Залишок за
процентами
(простроченими)
Штраф
Сума
погашення за
кредитним
договором
Загальний
залишок
заборгованості
2024-05-02 1 -69424.06 0.00 -563.17 40.80 81.60 0.00 -2328.03 -1993.48 0.00 275.00 -74308.74
2024-05-08 6 -71254.35 0.00 -563.17 40.80 81.60 0.00 -2328.03 -1993.48 0.00 0.00 -76139.03
2024-05-09 1 -73305.51 0.00 -563.17 40.80 81.60 0.00 -2328.03 -1993.48 0.00 0.00 -78190.19
2024-05-28 19 -73305.51 0.00 0.00 40.80 81.60 0.00 -2284.68 0.00 0.00 2600.00 -75590.19
2024-05-31 3 -73305.51 0.00 0.00 40.80 81.60 -2518.26 -4802.94 0.00 0.00 0.00 -78108.45
2024-06-01 1 -72650.19 0.00 -655.32 40.80 81.60 0.00 -2518.26 -2284.68 0.00 0.00 -78108.45
2024-06-08 7 -74480.48 0.00 -655.32 40.80 81.60 0.00 -2518.26 -2284.68 0.00 0.00 -79938.74
2024-06-09 1 -76531.64 0.00 -655.32 40.80 81.60 0.00 -2518.26 -2284.68 0.00 0.00 -81989.90
2024-06-30 21 -76531.64 0.00 -655.32 40.80 81.60 -2548.77 -5067.03 -2284.68 0.00 0.00 -84538.67
2024-07-01 1 -75925.56 0.00 -1261.40 40.80 81.60 0.00 -2548.77 -4802.94 0.00 0.00 -84538.67
2024-07-08 7 -77755.85 0.00 -1261.40 40.80 81.60 0.00 -2548.77 -1802.94 0.00 3000.00 -83368.96
2024-07-09 1 -79807.01 0.00 -1261.40 40.80 81.60 0.00 -2548.77 -1802.94 0.00 0.00 -85420.12
2024-07-22 13 -79807.01 0.00 -64.34 40.80 81.60 0.00 -2548.77 0.00 0.00 3000.00 -82420.12
2024-07-24 2 -79807.01 0.00 0.00 40.80 81.60 0.00 -2513.11 0.00 0.00 100.00 -82320.12
2024-07-31 7 -79807.01 0.00 0.00 40.80 81.60 -2756.45 -5269.56 0.00 0.00 0.00 -85076.57
2024-08-01 1 -78974.23 0.00 -832.78 40.80 81.60 0.00 -2756.45 -2513.11 0.00 0.00 -85076.57
2024-08-05 4 -78974.23 0.00 0.00 40.80 81.60 0.00 -2752.34 0.00 0.00 3350.00 -81726.57
2024-08-08 3 -80804.52 0.00 0.00 40.80 81.60 0.00 -2752.34 0.00 0.00 0.00 -83556.86
2024-08-09 1 -82855.68 0.00 0.00 40.80 81.60 0.00 -2752.34 0.00 0.00 0.00 -85608.02
2024-08-31 22 -82855.68 0.00 0.00 40.80 81.60 -2835.30 -5587.64 0.00 0.00 0.00 -88443.32
2024-09-01 1 -82209.07 0.00 -646.61 40.80 81.60 0.00 -2835.30 -2752.34 0.00 0.00 -88443.32
2024-09-08 7 -84039.36 0.00 -646.61 40.80 81.60 0.00 -2835.30 -2752.34 0.00 0.00 -90273.61
2024-09-09 1 -86090.52 0.00 0.00 40.80 81.60 0.00 -2834.25 0.00 0.00 3400.00 -88924.77
2024-09-30 21 -86090.52 0.00 0.00 40.80 81.60 -2853.03 -5687.28 0.00 0.00 0.00 -91777.80
2024-10-01 1 -85388.09 0.00 -702.43 40.80 81.60 0.00 -2853.03 -2834.25 0.00 0.00 -91777.80
2024-10-08 7 -87218.38 0.00 -702.43 40.80 81.60 0.00 -2853.03 -2834.25 0.00 0.00 -93608.09
2024-10-09 1 -89269.54 0.00 -702.43 40.80 81.60 0.00 -2853.03 -2834.25 0.00 0.00 -95659.25

=== PAGE 11 ===
АКЦІОНЕРНЕ ТОВАРИСТВО «АКЦЕНТ-БАНК»
вул. Батумська, 11, м. Днiпро, 49074, Україна
телефон: 7776, www.a-bank.com.ua
Міжнародні дзвінки: +38 (056) 722-05-55
Дата операції
за
розрахунками
обліку
заборгованості
Кількість днів,
за які
нарахована
заборгованість
Залишок
поточної
заборгованості
за наданим
кредитом
(тілом кредиту)
Сальдо, на яке
в цьому
періоду
проценти не
нараховуються
(пільговий
період)
Залишок
простроченої
заборгованості
(тіло кредиту)
Процентна
ставка
(поточна)
Процентна
ставка
(прострочена)
Нараховано
відсотків на
залишок
поточної
заборгованості
за кредитом
Залишок за
процентами
(поточними)
Залишок за
процентами
(простроченими)
Штраф
Сума
погашення за
кредитним
договором
Загальний
залишок
заборгованості
2024-10-21 12 -88806.22 0.00 0.00 40.80 81.60 0.00 -2853.03 0.00 0.00 4000.00 -91659.25
2024-10-31 10 -88806.22 0.00 0.00 40.80 81.60 -3063.65 -5916.68 0.00 0.00 0.00 -94722.90
2024-11-01 1 -88451.46 0.00 -354.76 40.80 81.60 0.00 -3063.65 -2853.03 0.00 0.00 -94722.90
2024-11-05 4 -88359.25 0.00 0.00 40.80 81.60 0.00 -3063.65 0.00 0.00 3300.00 -91422.90
2024-11-08 3 -90189.54 0.00 0.00 40.80 81.60 0.00 -3063.65 0.00 0.00 0.00 -93253.19
2024-11-09 1 -92240.70 0.00 0.00 40.80 81.60 0.00 -3063.65 0.00 0.00 0.00 -95304.35
2024-11-28 19 -91607.64 0.00 0.00 40.80 81.60 0.00 -696.71 0.00 0.00 3000.00 -92304.35
2024-11-30 2 -91607.64 0.00 0.00 40.80 81.60 -3053.28 -3749.99 0.00 0.00 0.00 -95357.63
2024-12-01 1 -91607.64 0.00 0.00 40.80 81.60 0.00 -3053.28 -696.71 0.00 0.00 -95357.63
2024-12-05 4 -91604.35 0.00 0.00 40.80 81.60 0.00 -3053.28 0.00 0.00 700.00 -94657.63
2024-12-08 3 -93434.64 0.00 0.00 40.80 81.60 0.00 -3053.28 0.00 0.00 0.00 -96487.92
2024-12-09 1 -95485.80 0.00 0.00 40.80 81.60 0.00 -3053.28 0.00 0.00 0.00 -98539.08
2024-12-31 22 -95485.80 0.00 0.00 40.80 81.60 -3267.20 -6320.48 0.00 0.00 0.00 -101806.28
2025-01-01 1 -94719.08 0.00 0.00 40.80 81.60 0.00 -3267.20 0.00 0.00 3820.00 -97986.28
2025-01-08 7 -96549.37 0.00 0.00 40.80 81.60 0.00 -3267.20 0.00 0.00 0.00 -99816.57
2025-01-09 1 -98600.53 0.00 0.00 40.80 81.60 0.00 -3267.20 0.00 0.00 0.00 -101867.73
2025-01-31 22 -98600.53 0.00 0.00 40.80 81.60 -3384.88 -6652.08 0.00 0.00 0.00 -105252.61
2025-02-01 1 -97804.46 0.00 -796.07 40.80 81.60 0.00 -3384.88 -3267.20 0.00 0.00 -105252.61
2025-02-02 1 -97767.73 0.00 0.00 40.80 81.60 0.00 -3384.88 0.00 0.00 4100.00 -101152.61
2025-02-08 6 -99598.02 0.00 0.00 40.80 81.60 0.00 -3384.88 0.00 0.00 0.00 -102982.90
2025-02-09 1 -101649.18 0.00 0.00 40.80 81.60 0.00 -3384.88 0.00 0.00 0.00 -105034.06
2025-02-28 19 -101649.18 0.00 0.00 40.80 81.60 -3150.70 -6535.58 0.00 0.00 0.00 -108184.76
2025-03-01 1 -100860.69 0.00 -788.49 40.80 81.60 0.00 -3150.70 -3384.88 0.00 0.00 -108184.76
2025-03-03 2 -100834.06 0.00 0.00 40.80 81.60 0.00 -3150.70 0.00 0.00 4200.00 -103984.76
2025-03-08 5 -102664.35 0.00 0.00 40.80 81.60 0.00 -3150.70 0.00 0.00 0.00 -105815.05
2025-03-09 1 -104715.51 0.00 0.00 40.80 81.60 0.00 -3150.70 0.00 0.00 0.00 -107866.21
2025-03-31 22 -103565.45 0.00 0.00 40.80 81.60 -3598.62 -5899.38 0.00 0.00 2000.00 -109464.83

=== PAGE 12 ===
АКЦІОНЕРНЕ ТОВАРИСТВО «АКЦЕНТ-БАНК»
вул. Батумська, 11, м. Днiпро, 49074, Україна
телефон: 7776, www.a-bank.com.ua
Міжнародні дзвінки: +38 (056) 722-05-55
Дата операції
за
розрахунками
обліку
заборгованості
Кількість днів,
за які
нарахована
заборгованість
Залишок
поточної
заборгованості
за наданим
кредитом
(тілом кредиту)
Сальдо, на яке
в цьому
періоду
проценти не
нараховуються
(пільговий
період)
Залишок
простроченої
заборгованості
(тіло кредиту)
Процентна
ставка
(поточна)
Процентна
ставка
(прострочена)
Нараховано
відсотків на
залишок
поточної
заборгованості
за кредитом
Залишок за
процентами
(поточними)
Залишок за
процентами
(простроченими)
Штраф
Сума
погашення за
кредитним
договором
Загальний
залишок
заборгованості
2025-04-01 1 -103565.45 0.00 0.00 40.80 81.60 0.00 -3598.62 -2300.76 0.00 0.00 -109464.83
2025-04-07 6 -103466.21 0.00 0.00 40.80 81.60 0.00 -3598.62 0.00 0.00 2400.00 -107064.83
2025-04-08 1 -105296.50 0.00 0.00 40.80 81.60 0.00 -3598.62 0.00 0.00 0.00 -108895.12
2025-04-09 1 -107347.66 0.00 0.00 40.80 81.60 0.00 -3598.62 0.00 0.00 0.00 -110946.28
2025-04-30 21 -106646.28 0.00 0.00 40.80 81.60 -3567.98 -3567.98 0.00 0.00 4300.00 -110214.26
2025-05-08 8 -108476.57 0.00 0.00 40.80 81.60 0.00 -3567.98 0.00 0.00 0.00 -112044.55
2025-05-09 1 -110527.73 0.00 0.00 40.80 81.60 0.00 -3567.98 0.00 0.00 0.00 -114095.71
2025-05-31 22 -110527.73 0.00 0.00 40.80 81.60 -3797.28 -7365.26 0.00 0.00 0.00 -117892.99
2025-06-01 1 -109687.14 0.00 -840.59 40.80 81.60 0.00 -3797.28 -3567.98 0.00 0.00 -117892.99
2025-06-05 4 -109295.71 0.00 0.00 40.80 81.60 0.00 -3797.28 0.00 0.00 4800.00 -113092.99
2025-06-08 3 -111126.00 0.00 0.00 40.80 81.60 0.00 -3797.28 0.00 0.00 0.00 -114923.28
2025-06-09 1 -113177.16 0.00 0.00 40.80 81.60 0.00 -3797.28 0.00 0.00 0.00 -116974.44
2025-06-30 21 -113177.16 0.00 0.00 40.80 81.60 -3769.62 -7566.90 0.00 0.00 0.00 -120744.06
2025-07-01 1 -112650.15 0.00 -527.01 40.80 81.60 0.00 -3769.62 -3797.28 0.00 0.00 -120744.06
2025-07-08 7 -114480.44 0.00 -527.01 40.80 81.60 0.00 -3769.62 -3797.28 0.00 0.00 -122574.35
2025-07-09 1 -116531.60 0.00 -527.01 40.80 81.60 0.00 -3769.62 -3797.28 0.00 0.00 -124625.51
2025-07-14 5 -115855.89 0.00 0.00 40.80 81.60 0.00 -3769.62 0.00 0.00 5000.00 -119625.51
2025-07-31 17 -115855.89 0.00 0.00 40.80 81.60 -4000.73 -7770.35 0.00 0.00 0.00 -123626.24
2025-08-01 1 -115471.46 0.00 -384.43 40.80 81.60 0.00 -4000.73 -3769.62 0.00 0.00 -123626.24
2025-08-08 7 -117301.75 0.00 -384.43 40.80 81.60 0.00 -4000.73 -3769.62 0.00 0.00 -125456.53
2025-08-09 1 -119352.91 0.00 -384.43 40.80 81.60 0.00 -4000.73 -3769.62 0.00 0.00 -127507.69
2025-08-11 2 -119352.91 0.00 0.00 40.80 81.60 0.00 -4000.73 -3654.05 0.00 500.00 -127007.69
2025-08-31 20 -119352.91 0.00 0.00 40.80 81.60 -4107.87 -8108.60 -3654.05 0.00 0.00 -131115.56
2025-09-01 1 -118408.59 0.00 -944.32 40.80 81.60 0.00 -4107.87 -7654.78 0.00 0.00 -131115.56
2025-09-08 7 -120238.88 0.00 -944.32 40.80 81.60 0.00 -4107.87 -7654.78 0.00 0.00 -132945.85
2025-09-09 1 -122290.04 0.00 -944.32 40.80 81.60 0.00 -4107.87 -7654.78 0.00 0.00 -134997.01
2025-09-30 21 -122290.04 0.00 -944.32 40.80 81.60 -4099.93 -8207.80 -7654.78 0.00 0.00 -139096.94

=== PAGE 13 ===
АКЦІОНЕРНЕ ТОВАРИСТВО «АКЦЕНТ-БАНК»
вул. Батумська, 11, м. Днiпро, 49074, Україна
телефон: 7776, www.a-bank.com.ua
Міжнародні дзвінки: +38 (056) 722-05-55
Дата операції
за
розрахунками
обліку
заборгованості
Кількість днів,
за які
нарахована
заборгованість
Залишок
поточної
заборгованості
за наданим
кредитом
(тілом кредиту)
Сальдо, на яке
в цьому
періоду
проценти не
нараховуються
(пільговий
період)
Залишок
простроченої
заборгованості
(тіло кредиту)
Процентна
ставка
(поточна)
Процентна
ставка
(прострочена)
Нараховано
відсотків на
залишок
поточної
заборгованості
за кредитом
Залишок за
процентами
(поточними)
Залишок за
процентами
(простроченими)
Штраф
Сума
погашення за
кредитним
договором
Загальний
залишок
заборгованості
2025-10-01 1 -121153.29 0.00 -2081.07 40.80 81.60 0.00 -4099.93 -11762.65 0.00 0.00 -139096.94
2025-10-04 3 -121153.29 0.00 -1978.07 40.80 81.60 0.00 -4099.93 -11762.65 0.00 103.00 -138993.94
2025-10-08 4 -122983.58 0.00 -1978.07 40.80 81.60 0.00 -4099.93 -11762.65 0.00 0.00 -140824.23
2025-10-09 1 -125034.74 0.00 -1978.07 40.80 81.60 0.00 -4099.93 -11762.65 0.00 0.00 -142875.39
2025-10-10 1 -125034.74 0.00 -1958.07 40.80 81.60 0.00 -4099.93 -11762.65 0.00 20.00 -142855.39
2025-10-27 17 -125034.74 0.00 -1858.07 40.80 81.60 0.00 -4099.93 -11762.65 0.00 100.00 -142755.39
2025-10-31 4 -125034.74 0.00 -1858.07 40.80 81.60 -4368.10 -8468.03 -11762.65 0.00 0.00 -147123.49
2025-11-01 1 -123570.79 0.00 -3322.02 40.80 81.60 0.00 -4368.10 -15862.58 0.00 0.00 -147123.49
2025-11-08 7 -131112.80 0.00 -3322.02 40.80 81.60 0.00 -4368.10 -15862.58 0.00 0.00 -154665.50
2025-11-21 13 -131112.80 0.00 -2322.02 40.80 81.60 0.00 -4368.10 -15862.58 0.00 1000.00 -153665.50
2025-11-30 9 -131112.80 0.00 -2322.02 40.80 81.60 -4439.11 -8807.21 -15862.58 0.00 0.00 -158104.61
2025-12-01 1 -129595.96 0.00 -3838.86 40.80 81.60 0.00 -4439.11 -20230.68 0.00 0.00 -158104.61
2025-12-15 14 -129595.96 0.00 -2838.86 40.80 81.60 0.00 -4439.11 -20230.68 0.00 1000.00 -157104.61
2025-12-31 16 -129595.96 0.00 -2838.86 40.80 81.60 -4605.96 -9045.07 -20230.68 0.00 0.00 -161710.57
2026-01-01 1 -127710.89 0.00 -4723.93 40.80 81.60 0.00 -4605.96 -24669.79 0.00 0.00 -161710.57
2026-01-19 18 -127710.89 0.00 -3723.93 40.80 81.60 0.00 -4605.96 -24669.79 0.00 1000.00 -160710.57
2026-01-31 12 -127710.89 0.00 -3723.93 40.80 81.60 -4575.74 -9181.70 -24669.79 0.00 0.00 -165286.31
2026-02-01 1 -125848.43 0.00 -5586.39 40.80 81.60 0.00 -4575.74 -29275.75 0.00 0.00 -165286.31
2026-02-28 27 -125848.43 0.00 -5586.39 40.80 81.60 -4113.69 -8689.43 -29275.75 0.00 0.00 -169400.00
2026-03-01 1 -123812.72 0.00 -7622.10 40.80 81.60 0.00 -4113.69 -33851.49 0.00 0.00 -169400.00
2026-03-31 30 -123812.72 0.00 -7622.10 40.80 81.60 -4554.55 -8668.24 -33851.49 0.00 0.00 -173954.55
2026-04-01 1 -121150.41 0.00 -10284.41 40.80 81.60 0.00 -4554.55 -37965.18 0.00 0.00 -173954.55
2026-04-30 29 -121150.41 0.00 -10284.41 40.80 81.60 -4407.52 -8962.07 -37965.18 0.00 0.00 -178362.07
2026-05-01 1 -118746.78 0.00 -12688.04 40.80 81.60 0.00 -4407.52 -42519.73 0.00 0.00 -178362.07
2026-05-31 30 -118746.78 0.00 -12688.04 40.80 81.60 -4554.54 -8962.06 -42519.73 0.00 0.00 -182916.61
2026-06-01 1 -116019.82 0.00 -15415.00 40.80 81.60 0.00 -4554.54 -46927.25 0.00 0.00 -182916.61
2026-06-11 10 -116019.82 0.00 -15415.00 40.80 81.60 0.00 -6170.56 -46927.25 0.00 0.00 -184532.63

=== PAGE 14 ===
АКЦІОНЕРНЕ ТОВАРИСТВО «АКЦЕНТ-БАНК»
вул. Батумська, 11, м. Днiпро, 49074, Україна
телефон: 7776, www.a-bank.com.ua
Міжнародні дзвінки: +38 (056) 722-05-55
Валюта кредиту UAH
Загальний залишок заборгованості за наданим кредитом (тілом кредиту) -131434.82
Залишок заборгованості за тілом кредиту -116019.82
Залишок заборгованості за тілом кредиту (прострочений) -15415.00
Загальний залишок заборгованості за процентами -53097.81
Залишок заборгованості за процентами на поточну заборгованість -6170.56
Залишок заборгованості за процентами на прострочені заборгованість -46927.25
Заборгованість за пенею
Штраф 0.00
Разом -184532.63
ПІДПИС БАНКУ
Голова правління
АТ "А-БАНК" Кандауров Ю.В

=== PAGE 15 ===


=== PAGE 16 ===


=== PAGE 17 ===
Паспорт споживчого кредиту за програмою "Кредитна картка"
Тип кредитного продукту: Картка "Універсальна" Картка "Універсальна Gold" Картка "Зелена"
1. Інформація та контактні дані кредитодавця
Найменування кредитодавця та його
структурного або відокремленого
підрозділу, в якому поширюється
інформація
АКЦІОНЕРНЕ ТОВАРИСТВО "АКЦЕНТ-БАНК"
Місцезнаходження кредитодавця та
адреса структурного або відокремленого
підрозділу, в якому поширюється
інформація
49074, м. Дніпро, вул. Батумська, буд. 11
Ліцензія/Свідоцтво Ліцензія НБУ No 16 від 26.10.2011 р.
Номер контактного телефону 7776
Адреса електронної пошти help@a-bank.com.ua
Адреса офіційного веб-сайту https://a-bank.com.ua/
2. Інформація та контактні дані кредитного посередника
Найменування кредитного посередника Немає посередника
Місцезнаходження -
Номер контактного телефону -
Адреса електронної пошти -
Адреса офіційного веб-сайту -
3. Основні умови кредитування з урахуванням побажань споживача
Тип кредиту Поновлювана кредитна лінія (ліміт) з пільговим періодом використання
Сума / ліміт кредиту, грн. До 50 000 грн До 100 000 грн До 200 000 грн
Строк кредитування 240 місяців
Мета отримання кредиту на споживчі цілі
Спосіб та строк надання кредиту Кредитні кошти надаються клієнту у вигляді встановлення кредитного
ліміту на кредитну картку. Строк надання кредиту протягом одного дня.
Можливі види (форми) забезпечення
кредиту
Забезпечення відсутнє
Необхідність проведення оцінки
забезпечення
кредиту
Ні
Мінімальний розмір власного платежу
(фінансової участі) споживача за умови
отримання кредиту на придбання товару/
роботи/послуги, %
0%
4. Інформація щодо реальної річної процентної ставки та орієнтовної загальної вартості кредиту для споживача
Пільгова процентна ставка: 0,000001 відсотка на місяць
Процентна ставка, відсотків річних Базова процентна ставка:
3,9% в місяць (46,8% річних) 3,7% в місяць (44,4% річних) 3,4% в місяць (40,8% річних)
Тип процентної ставки
Фіксована (може бути змінена за згодою кредитодавця та споживача
шляхом укладання додаткової угоди до договору про споживчий кредит)
Порядок зміни змінюваної процентної
ставки
-
Платежі за додаткові та супутні послуги кредитодавця, обов’язкові для укладання договору, грн.:
Членський внесок за участь у GoldКлубі, на
місяць - 20 грн. -
Вартість оформлення картки Безкоштовно Безкоштовно Безкоштовно
Застереження: витрати на такі послуги можуть змінюватися протягом строку дії договору про споживчий кредит
Платежі за послуги кредитного
посередника, що
підлягають сплаті споживачем, грн.
Кредитний посередник відсутній
Загальні витрати за кредитом, грн.
85459,96 грн. розраховано, виходячи
з суми кредитного лімиту 25000
грн., погашення якого відбулось
мінімальними обов`язковими платежами
95561,72 грн. розраховано, виходячи
з суми кредитного лімиту 25000
грн., погашення якого відбулось
мінімальними обов`язковими платежами
51571,06 грн. розраховано, виходячи
з суми кредитного лімиту 25000
грн., погашення якого відбулось
мінімальними обов`язковими платежами
Орієнтовна загальна вартість кредиту для
споживача за весь строк користування
кредитом (у т.ч. тіло кредиту, відсотки,
комісії та інші платежі), грн.
110 459,96 120 561,72 76 571,06
Реальна річна процентна ставка, відсотків
річних 58,23% 56,44% 49,34%
Застереження: наведені обчислення реальної річної процентної ставки та орієнтовної загальної вартості кредиту для споживача є репрезентативними
та базуються на обраних споживачем умовах кредитування, викладених вище, і на припущенні, що договір про споживчий кредит залишатиметься
дійсним протягом погодженого строку, а кредитодавець і споживач виконають свої обов’язки на умовах та у строки, визначені в договорі.
Реальна річна процентна ставка обчислена на основі припущення, що процентна ставка та інші платежі за послуги
кредитодавця залишатимуться незмінними та застосовуватимуться протягом строку дії договору про споживчий кредит.
Застереження: використання інших способів надання кредиту та/або зміна інших вищезазначених умов кредитування можуть
мати наслідком застосування іншої реальної річної процентної ставки та орієнтовної загальної вартості кредиту для споживача.
5. Порядок повернення кредиту
Кількість та розмір платежів, періодичність
внесення
Щомісяця, до останнього дня поточного місяця включно, в
розмірі 5% від заборгованості на останній день минулого місяця,
не менше 100 грн, не менше суми нарахованих процентів плюс
штраф, якщо він виник, але не більше залишку заборгованості
Щомісяця, до останнього дня поточного
місяця включно, в розмірі 5% від
заборгованості на останній день
минулого місяця, не менше 100 грн, не
менше суми нарахованих процентів
плюс штраф, якщо він виник, але
не більше залишку заборгованості
6. Додаткова інформація
Додаткові та супутні послуги третіх осіб,
обов’язкові для отримання кредиту:
послуги нотаріуса Відсутні
послуги оцінювача Відсутні
послуги страховика Відсутні
Наслідки прострочення виконання та/або
невиконання зобов’язань за договором про
споживчий кредит:

=== PAGE 18 ===
пеня Не застосовується
штрафи
Штраф за несвоєчасне погашення кредиту
та / або відсотків. Штраф списується в день
списання відсотків:
• 50 грн кожен раз, коли виникає
прострочення по уплаті обов’язкового
щомісячного платежу повністю або
частково на суму від 100 грн
• 100 грн кожен раз, коли виникає
прострочення по уплаті обов’язкового
щомісячного платежу на суму від 100 грн
другий місяць поспіль і більше
• 500 грн + 5% від суми загальної
заборгованості, у разі непогашення
протягом 60 календарних днів
простроченого по уплаті обов’язкового
щомісячного платежу за карткою із
порушеним строком більше ніж на 30 днів
процентна ставка, яка застосовується при
невиконанні зобов’язання щодо
повернення
кредиту
7,8% у місяць - збільшена відсоткова
ставка на місяць на суму загальної
заборгованості (у випадку наявності
простроченої заборгованості)
7,4% у місяць - збільшена відсоткова
ставка на місяць на суму загальної
заборгованості (у випадку наявності
простроченої заборгованості)
6,8% у місяць - збільшена відсоткова
ставка на місяць на суму загальної
заборгованості (у випадку наявності
простроченої заборгованості)
7. Інші важливі правові аспекти
Споживач має право відмовитися від
договору про споживчий кредит протягом
14 календарних днів у порядку та на
умовах, визначених Законом України "Про
споживче кредитування".
Так
Споживач має право достроково повернути споживчий кредит без будь-якої додаткової плати, пов’язаної з достроковим поверненням.
Договором про споживчий кредит може бути встановлений обов’язок повідомлення кредитодавця про намір дострокового повернення споживчого кредиту з оформленням
відповідного документа.
Строки позовної давності за вимогами про стягнення Кредиту, відсотків (процентів) за користування
Кредитом, винагороди, неустойки, пені, штрафів встановлюються сторонами тривалістю 5(п’ять) років.
Умови договору про споживчий кредит можуть відрізнятися від інформації, наведеної в цьому Паспорті споживчого кредиту, та будуть залежати від проведеної
кредитодавцем оцінки кредитоспроможності споживача з урахуванням, зокрема, наданої ним інформації про майновий та сімейний стан, розмір доходів тощо.
Дата надання інформації: _18.11.2020_ Ця інформація зберігає чинність та є актуальною до: 01.07.2021
Підпис кредитодавця: Кандауров Ю.В.
Підтверджую отримання та ознайомлення з інформацією про умови кредитування та
орієнтовну загальну вартість кредиту, надані виходячи із обраних мною умов кредитування.
Підтверджую отримання мною всіх пояснень, необхідних для забезпечення можливості оцінити, чи адаптовано договір до моїх потреб
та фінансової ситуації, зокрема шляхом роз’яснення наведеної інформації, в тому числі суттєвих характеристик запропонованих
послуг та певних наслідків, які вони можуть мати для мене, в тому числі в разі невиконання мною зобов’язань за таким договором.
Підпис споживача:
Підпис клієнта: ПОДОЛЬСКИЙ АНДРЕЙ ЮРЬЕВИЧ
2020-11-18T15:35:28+02:00 Підписано простим електронним підписом шляхом підтвердження ОТП 7915
з номера телефону +380930808888 у відповідності з Умовами та правилами надання банківських послуг
Дата, ПІБ, підпис.

=== PAGE 19 ===
АКЦІОНЕРНЕ ТОВАРИСТВО «АКЦЕНТ-БАНК»
вул. Батумська, 11, м. Днiпро, 49074, Україна
телефон: 7776, www.a-bank.com.ua
Міжнародні дзвінки: +38 (056) 722-05-55
від 14.06.2026 08:05 No SAMABWFC10073509345 Сторінка 1 з 33
Виписка по картці
Клієнт: Подольський Андрій Юрійович
Дата народження: 03.12.1985
ІПН: 3138306873
Серія/номер документа реєстрації: АТ 097579
Ким видано документ: ЗАМОСТЯНСЬКИМ РВ УМВС УКРАЇНИ У ВІННИЦЬКІЙ ОБЛ
Коли видано документ: 07.10.2014
Адреса реєстрації: 21022, Вінницька область місто Вінниця , вулиця Тарногородського, будинок
48,квартира 90
Рахунок: UA913077700000026207611972379
Період: 18.11.2020 - 14.06.2026
Сума витрат за період: 468136.41 UAH
Сума зарахувань за період: 285260.92 UAH
Сума комісій: 7170.44 UAH
Сума кешбеку: 173.46 UAH
Дата і час
операції Номер картки Деталі операції МСС
Сума у
валюті карти
(UAH)
Сума у
валюті
операції
Валюта Курс
Сума
комісій
(UAH)
Сума
кешбеку
(UAH)
Залишок після
операціЇ
2026-06-01
00:03 -
Списання відсотків за використання кредитного
ліміту 4829 -4554.54 -4554.54 980 1 0 0 -182916.61
2026-05-01
00:03 -
Списання відсотків за використання кредитного
ліміту 4829 -4407.52 -4407.52 980 1 0 0 -178362.07
2026-04-01
00:03 -
Списання відсотків за використання кредитного
ліміту 4829 -4554.55 -4554.55 980 1 0 0 -173954.55
2026-03-01
00:03 -
Списання відсотків за використання кредитного
ліміту 4829 -4113.69 -4113.69 980 1 0 0 -169400
2026-02-01
00:03 -
Списання відсотків за використання кредитного
ліміту 4829 -4575.74 -4575.74 980 1 0 0 -165286.31
2026-01-19
10:01 5375****9346 ПриватБанк 6536 1000 1000 980 1 0 0 -160710.57
2026-01-01
00:03 -
Списання відсотків за використання кредитного
ліміту 4829 -4605.96 -4605.96 980 1 0 0 -161710.57
2025-12-15
13:41 5375****9346 ПриватБанк 6536 1000 1000 980 1 0 0 -157104.61
2025-12-01
00:03 -
Списання відсотків за використання кредитного
ліміту 4829 -4439.11 -4439.11 980 1 0 0 -158104.61
2025-11-21
15:05 5375****9346 ПриватБанк 6536 1000 1000 980 1 0 0 -153665.5
2025-11-08
20:06 5375****9346 Регулярне списання за кредитом Розстрочка з
виписки
4829 -5490.77 -5279.59 980 1 211.18 0 -154665.5
2025-11-08
20:06 5375****9346 Регулярне списання за кредитом Розстрочка з
виписки
4829 -2051.24 -1972.35 980 1 78.89 0 -149174.73
2025-11-01
00:03 -
Списання відсотків за використання кредитного
ліміту 4829 -4368.1 -4368.1 980 1 0 0 -147123.49
2025-10-27
12:14 5375****9346 ПриватБанк 6536 100 100 980 1 0 0 -142755.39

=== PAGE 20 ===
АКЦІОНЕРНЕ ТОВАРИСТВО «АКЦЕНТ-БАНК»
вул. Батумська, 11, м. Днiпро, 49074, Україна
телефон: 7776, www.a-bank.com.ua
Міжнародні дзвінки: +38 (056) 722-05-55
від 14.06.2026 08:05 No SAMABWFC10073509345 Сторінка 2 з 33
Дата і час
операції Номер картки Деталі операції МСС
Сума у
валюті карти
(UAH)
Сума у
валюті
операції
Валюта Курс
Сума
комісій
(UAH)
Сума
кешбеку
(UAH)
Залишок після
операціЇ
2025-10-10
12:02 5375****9346 ПриватБанк 6536 20 20 980 1 0 0 -142855.39
2025-10-09
20:05 5375****9346 Регулярне списання за кредитом Розстрочка з
виписки
4829 -2051.16 -1972.27 980 1 78.89 0 -142875.39
2025-10-08
20:08 5375****9346 Регулярне списання за кредитом Розстрочка з
виписки
4829 -1830.29 -1759.89 980 1 70.4 0 -140824.23
2025-10-04
22:26 5375****9346 Миттєвий переказ 4829 103 103 980 1 0 0 -138993.94
2025-10-01
00:03 -
Списання відсотків за використання кредитного
ліміту 4829 -4099.93 -4099.93 980 1 0 0 -139096.94
2025-09-09
20:08 5375****9346 Регулярне списання за кредитом Розстрочка з
виписки
4829 -2051.16 -1972.27 980 1 78.89 0 -134997.01
2025-09-08
20:06 5375****9346 Регулярне списання за кредитом Розстрочка з
виписки
4829 -1830.29 -1759.89 980 1 70.4 0 -132945.85
2025-09-01
00:03 -
Списання відсотків за використання кредитного
ліміту 4829 -4107.87 -4107.87 980 1 0 0 -131115.56
2025-08-11
10:55 5375****9346 ПриватБанк 6536 500 500 980 1 0 0 -127007.69
2025-08-09
20:09 5375****9346 Регулярне списання за кредитом Розстрочка з
виписки
4829 -2051.16 -1972.27 980 1 78.89 0 -127507.69
2025-08-08
20:08 5375****9346 Регулярне списання за кредитом Розстрочка з
виписки
4829 -1830.29 -1759.89 980 1 70.4 0 -125456.53
2025-08-01
00:03 -
Списання відсотків за використання кредитного
ліміту 4829 -4000.73 -4000.73 980 1 0 0 -123626.24
2025-07-14
15:41 5375****9346 ПриватБанк 6536 5000 5000 980 1 0 0 -119625.51
2025-07-09
20:09 5375****9346 Регулярне списання за кредитом Розстрочка з
виписки
4829 -2051.16 -1972.27 980 1 78.89 0 -124625.51
2025-07-08
20:07 5375****9346 Регулярне списання за кредитом Розстрочка з
виписки
4829 -1830.29 -1759.89 980 1 70.4 0 -122574.35
2025-07-01
00:03 -
Списання відсотків за використання кредитного
ліміту 4829 -3769.62 -3769.62 980 1 0 0 -120744.06
2025-06-09
20:08 5375****9346 Регулярне списання за кредитом Розстрочка з
виписки
4829 -2051.16 -1972.27 980 1 78.89 0 -116974.44
2025-06-08
20:08 5375****9346 Регулярне списання за кредитом Розстрочка з
виписки
4829 -1830.29 -1759.89 980 1 70.4 0 -114923.28
2025-06-05
10:29 5375****9346 ПриватБанк 6536 4800 4800 980 1 0 0 -113092.99
2025-06-01
00:03 -
Списання відсотків за використання кредитного
ліміту 4829 -3797.28 -3797.28 980 1 0 0 -117892.99
2025-05-09
20:06 5375****9346 Регулярне списання за кредитом Розстрочка з
виписки
4829 -2051.16 -1972.27 980 1 78.89 0 -114095.71
2025-05-08
20:01 5375****9346 Регулярне списання за кредитом Розстрочка з
виписки
4829 -1830.29 -1759.89 980 1 70.4 0 -112044.55

=== PAGE 21 ===
АКЦІОНЕРНЕ ТОВАРИСТВО «АКЦЕНТ-БАНК»
вул. Батумська, 11, м. Днiпро, 49074, Україна
телефон: 7776, www.a-bank.com.ua
Міжнародні дзвінки: +38 (056) 722-05-55
від 14.06.2026 08:05 No SAMABWFC10073509345 Сторінка 3 з 33
Дата і час
операції Номер картки Деталі операції МСС
Сума у
валюті карти
(UAH)
Сума у
валюті
операції
Валюта Курс
Сума
комісій
(UAH)
Сума
кешбеку
(UAH)
Залишок після
операціЇ
2025-05-01
00:03 -
Списання відсотків за використання кредитного
ліміту 4829 -3567.98 -3567.98 980 1 0 0 -110214.26
2025-04-30
20:51 5375****9346 Зі своєї картки 4829 4300 4300 980 1 0 0 -106646.28
2025-04-09
20:04 5375****9346 Регулярне списання за кредитом Розстрочка з
виписки
4829 -2051.16 -1972.27 980 1 78.89 0 -110946.28
2025-04-08
20:03 5375****9346 Регулярне списання за кредитом Розстрочка з
виписки
4829 -1830.29 -1759.89 980 1 70.4 0 -108895.12
2025-04-07
20:15 5375****9346 ПриватБанк 6536 2400 2400 980 1 0 0 -107064.83
2025-04-01
00:03 -
Списання відсотків за використання кредитного
ліміту 4829 -3598.62 -3598.62 980 1 0 0 -109464.83
2025-03-31
22:01 5375****9346 ПриватБанк 6536 2000 2000 980 1 0 0 -105866.21
2025-03-09
20:04 5375****9346 Регулярне списання за кредитом Розстрочка з
виписки
4829 -2051.16 -1972.27 980 1 78.89 0 -107866.21
2025-03-08
20:05 5375****9346 Регулярне списання за кредитом Розстрочка з
виписки
4829 -1830.29 -1759.89 980 1 70.4 0 -105815.05
2025-03-03
19:10 5375****9346 ПриватБанк 6536 200 200 980 1 0 0 -103984.76
2025-03-03
12:25 - City24 6010 4000 4000 980 1 0 0 -104184.76
2025-03-01
00:03 -
Списання відсотків за використання кредитного
ліміту 4829 -3150.7 -3150.7 980 1 0 0 -108184.76
2025-02-09
20:04 5375****9346 Регулярне списання за кредитом Розстрочка з
виписки
4829 -2051.16 -1972.27 980 1 78.89 0 -105034.06
2025-02-08
20:02 5375****9346 Регулярне списання за кредитом Розстрочка з
виписки
4829 -1830.29 -1759.89 980 1 70.4 0 -102982.9
2025-02-02
17:13 5375****9346 Поповнення картки 4829 4100 4100 980 1 0 0 -101152.61
2025-02-01
00:03 -
Списання відсотків за використання кредитного
ліміту 4829 -3384.88 -3384.88 980 1 0 0 -105252.61
2025-01-09
20:03 5375****9346 Регулярне списання за кредитом Розстрочка з
виписки
4829 -2051.16 -1972.27 980 1 78.89 0 -101867.73
2025-01-08
20:04 5375****9346 Регулярне списання за кредитом Розстрочка з
виписки
4829 -1830.29 -1759.89 980 1 70.4 0 -99816.57
2025-01-01
10:49 5375****9346 ПриватБанк 6536 3820 3820 980 1 0 0 -97986.28
2025-01-01
00:03 -
Списання відсотків за використання кредитного
ліміту 4829 -3267.2 -3267.2 980 1 0 0 -101806.28
2024-12-09
20:06 5375****9346 Регулярне списання за кредитом Розстрочка з
виписки
4829 -2051.16 -1972.27 980 1 78.89 0 -98539.08
2024-12-08
20:05 5375****9346 Регулярне списання за кредитом Розстрочка з
виписки
4829 -1830.29 -1759.89 980 1 70.4 0 -96487.92

=== PAGE 22 ===
АКЦІОНЕРНЕ ТОВАРИСТВО «АКЦЕНТ-БАНК»
вул. Батумська, 11, м. Днiпро, 49074, Україна
телефон: 7776, www.a-bank.com.ua
Міжнародні дзвінки: +38 (056) 722-05-55
від 14.06.2026 08:05 No SAMABWFC10073509345 Сторінка 4 з 33
Дата і час
операції Номер картки Деталі операції МСС
Сума у
валюті карти
(UAH)
Сума у
валюті
операції
Валюта Курс
Сума
комісій
(UAH)
Сума
кешбеку
(UAH)
Залишок після
операціЇ
2024-12-05
09:16 5375****9346 Поповнення картки 4829 700 700 980 1 0 0 -94657.63
2024-12-01
00:03 -
Списання відсотків за використання кредитного
ліміту 4829 -3053.28 -3053.28 980 1 0 0 -95357.63
2024-11-28
19:12 5375****9346 ПриватБанк 6536 3000 3000 980 1 0 0 -92304.35
2024-11-09
20:10 5375****9346 Регулярне списання за кредитом Розстрочка з
виписки
4829 -2051.16 -1972.27 980 1 78.89 0 -95304.35
2024-11-08
20:07 5375****9346 Регулярне списання за кредитом Розстрочка з
виписки
4829 -1830.29 -1759.89 980 1 70.4 0 -93253.19
2024-11-05
12:49 5375****9346 ПриватБанк 6536 3300 3300 980 1 0 0 -91422.9
2024-11-01
00:03 -
Списання відсотків за використання кредитного
ліміту 4829 -3063.65 -3063.65 980 1 0 0 -94722.9
2024-10-21
13:47 - City24 6010 4000 4000 980 1 0 0 -91659.25
2024-10-09
20:10 5375****9346 Регулярне списання за кредитом Розстрочка з
виписки
4829 -2051.16 -1972.27 980 1 78.89 0 -95659.25
2024-10-08
20:07 5375****9346 Регулярне списання за кредитом Розстрочка з
виписки
4829 -1830.29 -1759.89 980 1 70.4 0 -93608.09
2024-10-01
00:03 -
Списання відсотків за використання кредитного
ліміту 4829 -2853.03 -2853.03 980 1 0 0 -91777.8
2024-09-09
20:11 5375****9346 Регулярне списання за кредитом Розстрочка з
виписки
4829 -2051.16 -1972.27 980 1 78.89 0 -88924.77
2024-09-09
11:37 5375****9346 ПриватБанк 6536 3400 3400 980 1 0 0 -86873.61
2024-09-08
20:14 5375****9346 Регулярне списання за кредитом Розстрочка з
виписки
4829 -1830.29 -1759.89 980 1 70.4 0 -90273.61
2024-09-01
00:03 -
Списання відсотків за використання кредитного
ліміту 4829 -2835.3 -2835.3 980 1 0 0 -88443.32
2024-08-09
20:51 5375****9346 Регулярне списання за кредитом Розстрочка з
виписки
4829 -2051.16 -1972.27 980 1 78.89 0 -85608.02
2024-08-08
20:53 5375****9346 Регулярне списання за кредитом Розстрочка з
виписки
4829 -1830.29 -1759.89 980 1 70.4 0 -83556.86
2024-08-05
21:07 5375****9346 ПриватБанк 6536 3350 3350 980 1 0 0 -81726.57
2024-08-01
00:03 -
Списання відсотків за використання кредитного
ліміту 4829 -2756.45 -2756.45 980 1 0 0 -85076.57
2024-07-24
13:29 5375****9346 ПриватБанк 6536 100 100 980 1 0 0 -82320.12
2024-07-22
18:32 5375****9346 ПриватБанк 6536 3000 3000 980 1 0 0 -82420.12
2024-07-09
20:44 5375****9346 Регулярне списання за кредитом Розстрочка з
виписки
4829 -2051.16 -1972.27 980 1 78.89 0 -85420.12

=== PAGE 23 ===
АКЦІОНЕРНЕ ТОВАРИСТВО «АКЦЕНТ-БАНК»
вул. Батумська, 11, м. Днiпро, 49074, Україна
телефон: 7776, www.a-bank.com.ua
Міжнародні дзвінки: +38 (056) 722-05-55
від 14.06.2026 08:05 No SAMABWFC10073509345 Сторінка 5 з 33
Дата і час
операції Номер картки Деталі операції МСС
Сума у
валюті карти
(UAH)
Сума у
валюті
операції
Валюта Курс
Сума
комісій
(UAH)
Сума
кешбеку
(UAH)
Залишок після
операціЇ
2024-07-08
20:52 5375****9346 Регулярне списання за кредитом Розстрочка з
виписки
4829 -1830.29 -1759.89 980 1 70.4 0 -83368.96
2024-07-08
16:40 5375****9346 ПриватБанк 6536 3000 3000 980 1 0 0 -81538.67
2024-07-01
00:03 -
Списання відсотків за використання кредитного
ліміту 4829 -2548.77 -2548.77 980 1 0 0 -84538.67
2024-06-09
20:51 5375****9346 Регулярне списання за кредитом Розстрочка з
виписки
4829 -2051.16 -1972.27 980 1 78.89 0 -81989.9
2024-06-08
20:52 5375****9346 Регулярне списання за кредитом Розстрочка з
виписки
4829 -1830.29 -1759.89 980 1 70.4 0 -79938.74
2024-06-01
00:03 -
Списання відсотків за використання кредитного
ліміту 4829 -2518.26 -2518.26 980 1 0 0 -78108.45
2024-05-28
06:17 5375****9346 ПриватБанк 6536 2600 2600 980 1 0 0 -75590.19
2024-05-09
20:46 5375****9346 Регулярне списання за кредитом Розстрочка з
виписки
4829 -2051.16 -1972.27 980 1 78.89 0 -78190.19
2024-05-08
20:45 5375****9346 Регулярне списання за кредитом Розстрочка з
виписки
4829 -1830.29 -1759.89 980 1 70.4 0 -76139.03
2024-05-02
12:30 5375****9346 Зарахування від Владислав Глазирін 4829 275 275 980 1 0 0 -74308.74
2024-05-01
00:03 -
Списання відсотків за використання кредитного
ліміту 4829 -2328.03 -2328.03 980 1 0 0 -74583.74
2024-04-26
20:23 5375****9346 ПриватБанк 6536 2400 2400 980 1 0 0 -72255.71
2024-04-17
10:31 5375****9346 ПриватБанк 6536 200 200 980 1 0 0 -74655.71
2024-04-09
20:50 5375****9346 Регулярне списання за кредитом Розстрочка з
виписки
4829 -2051.16 -1972.27 980 1 78.89 0 -74855.71
2024-04-08
20:49 5375****9346 Регулярне списання за кредитом Розстрочка з
виписки
4829 -1830.29 -1759.89 980 1 70.4 0 -72804.55
2024-04-01
00:03 -
Списання відсотків за використання кредитного
ліміту 4829 -2275.8 -2275.8 980 1 0 0 -70974.26
2024-03-09
20:53 5375****9346 Регулярне списання за кредитом Розстрочка з
виписки
4829 -2051.16 -1972.27 980 1 78.89 0 -68698.46
2024-03-08
20:50 5375****9346 Регулярне списання за кредитом Розстрочка з
виписки
4829 -1830.29 -1759.89 980 1 70.4 0 -66647.3
2024-03-01
00:03 -
Списання відсотків за використання кредитного
ліміту 4829 -1900.51 -1900.51 980 1 0 0 -64817.01
2024-02-25
12:03 5375****9346 536354****1585 4829 -3447.6 -3315 980 1 132.6 0 -62916.5
2024-02-23
09:13 5375****9346 Монобанк 6010 2100 2100 980 1 0 0 -59468.9
2024-02-09
20:50 5375****9346 Регулярне списання за кредитом Розстрочка з
виписки
4829 -2051.16 -1972.27 980 1 78.89 0 -61568.9

=== PAGE 24 ===
АКЦІОНЕРНЕ ТОВАРИСТВО «АКЦЕНТ-БАНК»
вул. Батумська, 11, м. Днiпро, 49074, Україна
телефон: 7776, www.a-bank.com.ua
Міжнародні дзвінки: +38 (056) 722-05-55
від 14.06.2026 08:05 No SAMABWFC10073509345 Сторінка 6 з 33
Дата і час
операції Номер картки Деталі операції МСС
Сума у
валюті карти
(UAH)
Сума у
валюті
операції
Валюта Курс
Сума
комісій
(UAH)
Сума
кешбеку
(UAH)
Залишок після
операціЇ
2024-02-08
20:51 5375****9346 Регулярне списання за кредитом Розстрочка з
виписки
4829 -1830.29 -1759.89 980 1 70.4 0 -59517.74
2024-02-07
21:17 5375****9346 TAKEPROFITTRADER, +13326007738 5734 -3249.18 -85 840 38.2257 0 0 -57687.45
2024-02-03
20:56 5375****9346 511695****9464 4829 -1144 -1100 980 1 44 0 -54438.27
2024-02-03
19:53 5375****9346 M7 DR ACADEMY, +97142997722 5968 -1916.12 -49.99 840 38.3301 0 0 -53294.27
2024-02-01
00:03 -
Списання відсотків за використання кредитного
ліміту 4829 -1322.62 -1322.62 980 1 0 0 -51378.15
2024-01-29
19:37 5375****9346 Portmone 4814 -130 -130 980 1 0 0 -50055.53
2024-01-29
16:44 5375****9346 TAKEPROFITTRADER, +13326007738 5734 -3870.3 -100 840 38.703 0 0 -49925.53
2024-01-29
09:38 5375****9346 TAKEPROFITTRADER, +13326007738 5734 -3947.7 -102 840 38.703 0 0 -46055.23
2024-01-25
12:05 5375****9346 536354****1585 4829 -4268.16 -4104 980 1 164.16 0 -42107.53
2024-01-23
17:34 5375****9346 TAKEPROFITTRADER, +13326007738 5734 -3814.52 -100 840 38.1452 0 0 -37839.37
2024-01-16
18:07 5375****9346 537541****7507 4829 -936 -900 980 1 36 0 -34024.85
2024-01-16
10:39 5375****9346 TAKEPROFITTRADER, +13326007738 5734 -3936.71 -102 840 38.5952 0 0 -33088.85
2024-01-10
19:50 5375****9346 TAKEPROFITTRADER, +13326007738 5734 -3961.86 -102 840 38.8418 0 0 -29152.14
2024-01-09
20:48 5375****9346 Регулярне списання за кредитом Розстрочка з
виписки
4829 -2051.16 -1972.27 980 1 78.89 0 -25190.28
2024-01-08
13:23 5375****9346 511695****9464 4829 -1144 -1100 980 1 44 0 -23139.12
2024-01-08
13:21 5375****9346 537541****7507 4829 -5200 -5000 980 1 200 0 -21995.12
2024-01-08
13:19 5375****9346 Зарахування коштів за кредитом Розстрочка з
виписки
4829 29009.12 29009.12 980 1 0 0 -16795.12
2024-01-08
13:16 5375****9346 ПриватБанк 6536 2000 2000 980 1 0 0 -45804.24
2024-01-07
20:15 5375****9346 TAKEPROFITTRADER, +13326007738 5734 -3311.86 -85 840 38.9631 0 0 -47804.24
2024-01-04
09:47 5375****9346 Укрзалізниця 4112 -337.4 -337.4 980 1 0 0 -44492.38
2024-01-03
18:52 5375****9346 M7 DR ACADEMY, +97142997722 5968 -1936.44 -49.99 840 38.7366 0 0 -44154.98
2024-01-01
09:44 5375****9346 537541****7507 4829 -3120 -3000 980 1 120 0 -42218.54

=== PAGE 25 ===
АКЦІОНЕРНЕ ТОВАРИСТВО «АКЦЕНТ-БАНК»
вул. Батумська, 11, м. Днiпро, 49074, Україна
телефон: 7776, www.a-bank.com.ua
Міжнародні дзвінки: +38 (056) 722-05-55
від 14.06.2026 08:05 No SAMABWFC10073509345 Сторінка 7 з 33
Дата і час
операції Номер картки Деталі операції МСС
Сума у
валюті карти
(UAH)
Сума у
валюті
операції
Валюта Курс
Сума
комісій
(UAH)
Сума
кешбеку
(UAH)
Залишок після
операціЇ
2024-01-01
00:03 -
Списання відсотків за використання кредитного
ліміту 4829 -1262.25 -1262.25 980 1 0 0 -39098.54
2023-12-29
19:55 5375****9346 eBay 5311 -1325.96 -34.49 840 38.4448 0 0 -37836.29
2023-12-20
13:33 5375****9346 Монобанк 6010 2000 2000 980 1 0 0 -36510.33
2023-12-12
12:44 5375****9346 NovaPay 8999 -441 -441 980 1 0 0 -38510.33
2023-12-09
20:54 5375****9346 Регулярне списання за кредитом Розстрочка з
виписки
4829 -2051.16 -1972.27 980 1 78.89 0 -38069.33
2023-12-01
14:29 5375****9346 PayPal 4816 -460.86 -460.86 980 1 0 0 -36018.17
2023-12-01
00:03 -
Списання відсотків за використання кредитного
ліміту 4829 -1267.15 -1267.15 980 1 0 0 -35557.31
2023-11-30
17:26 5375****9346 Portmone 4814 -30 -30 980 1 0 0 -34290.16
2023-11-24
13:49 5375****9346 Нова пошта 4214 -850 -850 980 1 0 0 -34260.16
2023-11-24
13:15 5375****9346 KAFE, KYIV 5814 -38 -38 980 1 0 0 -33410.16
2023-11-24
09:48 5375****9346 Kaviarnia VJ KAVA, KIEV 5814 -27 -27 980 1 0 0 -33372.16
2023-11-23
23:49 5375****9346 Зняття готівки в банкоматі 6011 -4160 -4000 980 1 160 0 -33345.16
2023-11-23
23:46 5375****9346 Зняття готівки в банкоматі 6011 -2080 -2000 980 1 80 0 -29185.16
2023-11-23
12:37 5375****9346 KAFE, KYIV 5814 -38 -38 980 1 0 0 -27105.16
2023-11-22
13:24 5375****9346 KAFE, KYIV 5814 -38 -38 980 1 0 0 -27067.16
2023-11-21
12:31 5375****9346 KAFE, KYIV 5814 -38 -38 980 1 0 0 -27029.16
2023-11-21
12:24 5375****9346 Apteka optovikh tsn, KIEV 5912 -156.6 -156.6 980 1 0 0 -26991.16
2023-11-20
13:08 5375****9346 KAFE, KYIV 5814 -38 -38 980 1 0 0 -26834.56
2023-11-19
17:16 5375****9346 Київ Цифровий 4111 -8 -8 980 1 0 0 -26796.56
2023-11-19
16:35 5375****9346 Kipish, KIEV 5814 -110 -110 980 1 0 0 -26788.56
2023-11-19
14:37 5375****9346 Київ Цифровий 4111 -8 -8 980 1 0 0 -26678.56
2023-11-19
12:32 5375****9346 KAFE, KYIV 5814 -38 -38 980 1 0 0 -26670.56

=== PAGE 26 ===
АКЦІОНЕРНЕ ТОВАРИСТВО «АКЦЕНТ-БАНК»
вул. Батумська, 11, м. Днiпро, 49074, Україна
телефон: 7776, www.a-bank.com.ua
Міжнародні дзвінки: +38 (056) 722-05-55
від 14.06.2026 08:05 No SAMABWFC10073509345 Сторінка 8 з 33
Дата і час
операції Номер картки Деталі операції МСС
Сума у
валюті карти
(UAH)
Сума у
валюті
операції
Валюта Курс
Сума
комісій
(UAH)
Сума
кешбеку
(UAH)
Залишок після
операціЇ
2023-11-18
20:37 5375****9346 Київ Цифровий 4111 -8 -8 980 1 0 0 -26632.56
2023-11-18
18:17 5375****9346 Pitnavoda, KIEV 5499 -32.3 -32.3 980 1 0 0 -26624.56
2023-11-17
10:35 5375****9346 Kaviarnia VJ KAVA, KIEV 5814 -50 -50 980 1 0 0 -26592.26
2023-11-16
15:04 5375****9346 Miasnii magazin Miasni, KIEV 5499 -227.03 -227.03 980 1 0 0 -26542.26
2023-11-16
14:48 5375****9346 RYZHYK, KYYIV 742 -395 -395 980 1 0 0 -26315.23
2023-11-16
14:23 5375****9346 KAFE, KYIV 5814 -38 -38 980 1 0 0 -25920.23
2023-11-15
13:21 5375****9346 KAFE, KYIV 5814 -38 -38 980 1 0 0 -25882.23
2023-11-14
14:31 5375****9346 TermosShotig, KIEV 5814 -28 -28 980 1 0 0 -25844.23
2023-11-13
12:46 5375****9346 TermosShotig, KIEV 5814 -48 -48 980 1 0 0 -25816.23
2023-11-12
12:38 5375****9346 Suhofrukti, KIEV 5499 -240 -240 980 1 0 0 -25768.23
2023-11-12
12:18 5375****9346 TermosShotig, KIEV 5814 -48 -48 980 1 0 0 -25528.23
2023-11-11
18:50 5375****9346 Київ Цифровий 4111 -8 -8 980 1 0 0 -25480.23
2023-11-11
15:49 5375****9346 Київ Цифровий 4111 -8 -8 980 1 0 0 -25472.23
2023-11-10
14:53 5375****9346 TermosShotig, KIEV 5814 -48 -48 980 1 0 0 -25464.23
2023-11-09
19:48 5375****9346 Зарахування коштів за кредитом Розстрочка з
виписки
4829 32510 32510 980 1 0 0 -25416.23
2023-11-09
19:43 5375****9346 Монобанк 6010 2300 2300 980 1 0 0 -57926.23
2023-11-09
14:12 5375****9346 Pitnavoda, KIEV 5499 -32.3 -32.3 980 1 0 0 -60226.23
2023-11-09
13:11 5375****9346 Coffeeroom, KIEV 5814 -60 -60 980 1 0 0 -60193.93
2023-11-08
12:49 5375****9346 Coffeeroom, KIEV 5814 -60 -60 980 1 0 0 -60133.93
2023-11-07
13:16 5375****9346 Coffeeroom, KIEV 5814 -60 -60 980 1 0 0 -60073.93
2023-11-06
13:18 5375****9346 TermosShotig, KIEV 5814 -48 -48 980 1 0 0 -60013.93
2023-11-05
17:37 5375****9346 Київ Цифровий 4111 -8 -8 980 1 0 0 -59965.93

=== PAGE 27 ===
АКЦІОНЕРНЕ ТОВАРИСТВО «АКЦЕНТ-БАНК»
вул. Батумська, 11, м. Днiпро, 49074, Україна
телефон: 7776, www.a-bank.com.ua
Міжнародні дзвінки: +38 (056) 722-05-55
від 14.06.2026 08:05 No SAMABWFC10073509345 Сторінка 9 з 33
Дата і час
операції Номер картки Деталі операції МСС
Сума у
валюті карти
(UAH)
Сума у
валюті
операції
Валюта Курс
Сума
комісій
(UAH)
Сума
кешбеку
(UAH)
Залишок після
операціЇ
2023-11-05
13:59 5375****9346 Київ Цифровий 4111 -8 -8 980 1 0 0 -59957.93
2023-11-05
11:53 5375****9346 TermosShotig, KIEV 5814 -48 -48 980 1 0 0 -59949.93
2023-11-05
11:07 5375****9346 Укрзалізниця 4112 -106.85 -106.85 980 1 0 0 -59901.93
2023-11-04
19:03 5375****9346 АТБ 5411 -27.9 -27.9 980 1 0 0 -59795.08
2023-11-04
18:52 5375****9346 Київ Цифровий 4111 -8 -8 980 1 0 0 -59767.18
2023-11-03
13:09 5375****9346 Zoomagazin, KIEV 5995 -640 -640 980 1 0 0 -59759.18
2023-11-03
11:06 5375****9346 Coffeeroom, KIEV 5814 -55 -55 980 1 0 0 -59119.18
2023-11-02
22:12 - Myfundedfx 5817 -4660 -122.5 840 38.0409 0 0 -59064.18
2023-11-02
12:27 5375****9346 Coffeeroom, KIEV 5814 -28 -28 980 1 0 0 -54404.18
2023-11-01
10:46 5375****9346 KAVIARNIA, KYIV 5814 -28 -28 980 1 0 0 -54376.18
2023-11-01
00:03 -
Списання відсотків за використання кредитного
ліміту 4829 -1757.91 -1757.91 980 1 0 0 -54348.18
2023-10-31
14:31 5375****9346 Pitnavoda, KIEV 5499 -32.3 -32.3 980 1 0 0 -52590.27
2023-10-31
14:20 5375****9346 Нова пошта 4214 -74 -74 980 1 0 0 -52557.97
2023-10-31
14:20 5375****9346 Нова пошта 6538 -861.12 -828 980 1 33.12 0 -52483.97
2023-10-31
14:16 5375****9346 7026, KIEV 5411 -88.83 -88.83 980 1 0 0 -51622.85
2023-10-29
15:49 5375****9346 Київ Цифровий 4111 -8 -8 980 1 0 0 -51534.02
2023-10-29
15:02 5375****9346 BIG MAMA, KYIV 5812 -105 -105 980 1 0 0 -51526.02
2023-10-29
12:45 5375****9346 Київ Цифровий 4111 -8 -8 980 1 0 0 -51421.02
2023-10-25
13:32 5375****9346 Pitnavoda, KIEV 5499 -32.3 -32.3 980 1 0 0 -51413.02
2023-10-25
12:49 5375****9346 KAVIARNIA, KYIV 5814 -28 -28 980 1 0 0 -51380.72
2023-10-25
12:09 5375****9346 536354****1585 4829 -707.2 -680 980 1 27.2 0 -51352.72
2023-10-24
13:53 5375****9346 KAVIARNIA, KYIV 5814 -55 -55 980 1 0 0 -50645.52

=== PAGE 28 ===
АКЦІОНЕРНЕ ТОВАРИСТВО «АКЦЕНТ-БАНК»
вул. Батумська, 11, м. Днiпро, 49074, Україна
телефон: 7776, www.a-bank.com.ua
Міжнародні дзвінки: +38 (056) 722-05-55
від 14.06.2026 08:05 No SAMABWFC10073509345 Сторінка 10 з 33
Дата і час
операції Номер картки Деталі операції МСС
Сума у
валюті карти
(UAH)
Сума у
валюті
операції
Валюта Курс
Сума
комісій
(UAH)
Сума
кешбеку
(UAH)
Залишок після
операціЇ
2023-10-22
14:31 5375****9346 7026, KIEV 5411 -127.07 -127.07 980 1 0 0 -50590.52
2023-10-21
18:02 5375****9346 PARBAR, KYIV 5812 -560 -560 980 1 0 0 -50463.45
2023-10-21
14:44 5375****9346 ZHYTNIY RYNOK, KYYIV 5812 -199 -199 980 1 0 0 -49903.45
2023-10-21
13:21 5375****9346 Київ Цифровий 4111 -8 -8 980 1 0 0 -49704.45
2023-10-21
12:51 5375****9346 KAVIARNIA, KYIV 5814 -55 -55 980 1 0 0 -49696.45
2023-10-20
19:26 5375****9346 OLX 6538 -204.57 -196.7 980 1 7.87 0 -49641.45
2023-10-19
14:48 5375****9346 KAVIARNIA, KYIV 5814 -55 -55 980 1 0 0 -49436.88
2023-10-19
14:44 5375****9346 Italiyskiy, KIEV 5499 -115 -115 980 1 0 0 -49381.88
2023-10-18
13:01 5375****9346 KAVIARNIA, KYIV 5814 -28 -28 980 1 0 0 -49266.88
2023-10-17
15:30 5375****9346 Монобанк 6010 5000 5000 980 1 0 0 -49238.88
2023-10-17
15:16 5375****9346 Pitnavoda, KIEV 5499 -32.3 -32.3 980 1 0 0 -54238.88
2023-10-17
14:37 5375****9346 KAVIARNIA, KYIV 5814 -28 -28 980 1 0 0 -54206.58
2023-10-16
16:22 5375****9346 537541****7507 4829 -416 -400 980 1 16 0 -54178.58
2023-10-16
12:22 5375****9346 KAVIARNIA, KYIV 5814 -55 -55 980 1 0 0 -53762.58
2023-10-14
16:14 5375****9346 BIG MAMA, KYIV 5812 -70 -70 980 1 0 0 -53707.58
2023-10-14
11:41 5375****9346 Zootovari, KIEV 5995 -216 -216 980 1 0 0 -53637.58
2023-10-14
11:37 5375****9346 BONUS B-44, KYIV 5131 -155.7 -155.7 980 1 0 0 -53421.58
2023-10-14
11:24 5375****9346 Miasnii magazin Miasni, KIEV 5499 -222.6 -222.6 980 1 0 0 -53265.88
2023-10-13
12:40 5375****9346 KAVIARNIA, KYIV 5814 -28 -28 980 1 0 0 -53043.28
2023-10-13
09:38 5375****9346 Монобанк 6538 -728 -700 980 1 28 0 -53015.28
2023-10-12
13:06 5375****9346 KAVIARNIA, KYIV 5814 -55 -55 980 1 0 0 -52287.28
2023-10-11
12:47 5375****9346 Fruktitaovochi, KIEV 5499 -107 -107 980 1 0 0 -52232.28

=== PAGE 29 ===
АКЦІОНЕРНЕ ТОВАРИСТВО «АКЦЕНТ-БАНК»
вул. Батумська, 11, м. Днiпро, 49074, Україна
телефон: 7776, www.a-bank.com.ua
Міжнародні дзвінки: +38 (056) 722-05-55
від 14.06.2026 08:05 No SAMABWFC10073509345 Сторінка 11 з 33
Дата і час
операції Номер картки Деталі операції МСС
Сума у
валюті карти
(UAH)
Сума у
валюті
операції
Валюта Курс
Сума
комісій
(UAH)
Сума
кешбеку
(UAH)
Залишок після
операціЇ
2023-10-11
08:25 5375****9346 537541****7507 4829 -624 -600 980 1 24 0 -52125.28
2023-10-10
15:13 5375****9346 414939****2652 4829 -20.8 -20 980 1 0.8 0 -51501.28
2023-10-10
13:06 5375****9346 Zootovari, KIEV 5995 -200 -200 980 1 0 0 -51480.48
2023-10-10
12:29 5375****9346 KAVIARNIA, KYIV 5814 -28 -28 980 1 0 0 -51280.48
2023-10-09
17:42 5375****9346 Київ Цифровий 4111 -8 -8 980 1 0 0 -51252.48
2023-10-09
17:00 5375****9346 BIG MAMA, KYIV 5812 -80 -80 980 1 0 0 -51244.48
2023-10-09
16:12 5375****9346 Київ Цифровий 4111 -8 -8 980 1 0 0 -51164.48
2023-10-09
15:44 5375****9346 KAVIARNIA, KYIV 5814 -28 -28 980 1 0 0 -51156.48
2023-10-08
20:04 5375****9346 7026, KIEV 5411 -69.1 -69.1 980 1 0 0 -51128.48
2023-10-08
12:04 5375****9346 TermosShotig, KIEV 5814 -28 -28 980 1 0 0 -51059.38
2023-10-08
11:04 5375****9346 BIG MAMA, KYIV 5812 -70 -70 980 1 0 0 -51031.38
2023-10-08
10:33 5375****9346 Київ Цифровий 4111 -8 -8 980 1 0 0 -50961.38
2023-10-08
09:53 5375****9346 Apteka optovikh tsn, KIEV 5912 -35 -35 980 1 0 0 -50953.38
2023-10-08
09:41 5375****9346 KAVIARNIA, KYIV 5814 -55 -55 980 1 0 0 -50918.38
2023-10-07
12:03 5375****9346 Pitnavoda, KIEV 5499 -32.3 -32.3 980 1 0 0 -50863.38
2023-10-07
11:38 5375****9346 Київ Цифровий 4111 -8 -8 980 1 0 0 -50831.08
2023-10-07
11:25 5375****9346 Parovamashina, KIEV 5814 -55 -55 980 1 0 0 -50823.08
2023-10-07
11:00 5375****9346 Київ Цифровий 4111 -8 -8 980 1 0 0 -50768.08
2023-10-06
14:18 5375****9346 KAVIARNIA, KYIV 5814 -55 -55 980 1 0 0 -50760.08
2023-10-05
21:56 5375****9346 Suhofrukti, KIEV 5499 -81 -81 980 1 0 0 -50705.08
2023-10-05
15:15 5375****9346 FruktitaOvochi, KIEV 5499 -95.03 -95.03 980 1 0 0 -50624.08
2023-10-05
14:38 5375****9346 KAVIARNIA, KYIV 5814 -55 -55 980 1 0 0 -50529.05

=== PAGE 30 ===
АКЦІОНЕРНЕ ТОВАРИСТВО «АКЦЕНТ-БАНК»
вул. Батумська, 11, м. Днiпро, 49074, Україна
телефон: 7776, www.a-bank.com.ua
Міжнародні дзвінки: +38 (056) 722-05-55
від 14.06.2026 08:05 No SAMABWFC10073509345 Сторінка 12 з 33
Дата і час
операції Номер картки Деталі операції МСС
Сума у
валюті карти
(UAH)
Сума у
валюті
операції
Валюта Курс
Сума
комісій
(UAH)
Сума
кешбеку
(UAH)
Залишок після
операціЇ
2023-10-04
13:35 5375****9346 Нова пошта 4214 -53 -53 980 1 0 0 -50474.05
2023-10-04
09:40 5375****9346 Kaviarnia VJ KAVA, KIEV 5814 -24 -24 980 1 0 0 -50421.05
2023-10-03
15:29 5375****9346 ОВРУЧ АЛЬТЕР ЕНЕРГО 4900 -644.64 -632 980 1 12.64 0 -50397.05
2023-10-03
14:27 5375****9346 KYYIV KHLIB, KYYIV 5499 -32 -32 980 1 0 0 -49752.41
2023-10-03
14:22 5375****9346 Dia, KIEV 5814 -42 -42 980 1 0 0 -49720.41
2023-10-03
09:39 5375****9346 Kaviarnia VJ KAVA, KIEV 5814 -50 -50 980 1 0 0 -49678.41
2023-10-02
20:40 5375****9346 Suhofrukti, KIEV 5499 -91 -91 980 1 0 0 -49628.41
2023-10-02
14:52 5375****9346 511695****9464 4829 -624 -600 980 1 24 0 -49537.41
2023-10-02
14:30 5375****9346 Miasnii magazin Miasni, KIEV 5499 -166.79 -166.79 980 1 0 0 -48913.41
2023-10-02
14:08 5375****9346 TermosShotig, KIEV 5814 -38 -38 980 1 0 0 -48746.62
2023-10-02
08:37 5375****9346 Kaviarnia VJ KAVA, KIEV 5814 -24 -24 980 1 0 0 -48708.62
2023-10-01
19:43 5375****9346 Suhofrukti, KIEV 5499 -105 -105 980 1 0 0 -48684.62
2023-10-01
13:25 5375****9346 BONUS B-44, KYIV 5131 -35 -35 980 1 0 0 -48579.62
2023-10-01
13:13 5375****9346 Київ Цифровий 4111 -8 -8 980 1 0 0 -48544.62
2023-10-01
12:37 5375****9346 BIG MAMA, KYIV 5812 -70 -70 980 1 0 0 -48536.62
2023-10-01
10:48 5375****9346 Київ Цифровий 4111 -8 -8 980 1 0 0 -48466.62
2023-10-01
10:13 5375****9346 KAVIARNIA, KYIV 5814 -55 -55 980 1 0 0 -48458.62
2023-10-01
09:56 5375****9346 414949****9841 4829 -728 -700 980 1 28 0 -48403.62
2023-10-01
09:51 5375****9346 537541****7507 4829 -3952 -3800 980 1 152 0 -47675.62
2023-10-01
00:03 -
Списання відсотків за використання кредитного
ліміту 4829 -1013.91 -1013.91 980 1 0 0 -43723.62
2023-09-30
17:23 5375****9346 FruktitaOvochi, KIEV 5499 -101.32 -101.32 980 1 0 0.71 -42709.71
2023-09-30
17:02 5375****9346 Київ Цифровий 4111 -8 -8 980 1 0 0 -42608.39

=== PAGE 31 ===
АКЦІОНЕРНЕ ТОВАРИСТВО «АКЦЕНТ-БАНК»
вул. Батумська, 11, м. Днiпро, 49074, Україна
телефон: 7776, www.a-bank.com.ua
Міжнародні дзвінки: +38 (056) 722-05-55
від 14.06.2026 08:05 No SAMABWFC10073509345 Сторінка 13 з 33
Дата і час
операції Номер картки Деталі операції МСС
Сума у
валюті карти
(UAH)
Сума у
валюті
операції
Валюта Курс
Сума
комісій
(UAH)
Сума
кешбеку
(UAH)
Залишок після
операціЇ
2023-09-30
14:08 5375****9346 CENTRAL SHOP, KYIV 5411 -20 -20 980 1 0 0.14 -42600.39
2023-09-30
12:06 5375****9346 CENTRAL SHOP, KYIV 5411 -66 -66 980 1 0 0.46 -42580.39
2023-09-30
10:35 5375****9346 KAVIARNIA, KYIV 5814 -55 -55 980 1 0 0 -42514.39
2023-09-29
19:21 5375****9346 DonerKebab, KIEV 5814 -80 -80 980 1 0 0 -42459.39
2023-09-29
14:04 5375****9346 KAVIARNIA, KYIV 5814 -55 -55 980 1 0 0 -42379.39
2023-09-29
09:31 5375****9346 Kaviarnia VJ KAVA, KIEV 5814 -24 -24 980 1 0 0 -42324.39
2023-09-28
18:44 5375****9346 Suhofrukti, KIEV 5499 -100 -100 980 1 0 0.7 -42300.39
2023-09-28
14:27 5375****9346 KAVIARNIA, KYIV 5814 -38 -38 980 1 0 0 -42200.39
2023-09-28
08:45 5375****9346 Kaviarnia VJ KAVA, KIEV 5814 -24 -24 980 1 0 0 -42162.39
2023-09-27
19:13 5375****9346 Suhofrukti, KIEV 5499 -61.8 -61.8 980 1 0 0.43 -42138.39
2023-09-27
13:35 5375****9346 Kaviarnia VJ KAVA, KIEV 5814 -50 -50 980 1 0 0 -42076.59
2023-09-27
08:41 5375****9346 Kaviarnia VJ KAVA, KIEV 5814 -24 -24 980 1 0 0 -42026.59
2023-09-26
18:45 5375****9346 OLIVKA, KYIV 5411 -65 -65 980 1 0 0.46 -42002.59
2023-09-26
14:13 5375****9346 FruktitaOvochi, KIEV 5499 -190 -190 980 1 0 1.33 -41937.59
2023-09-26
13:20 5375****9346 KAVIARNIA, KYIV 5814 -38 -38 980 1 0 0 -41747.59
2023-09-25
19:33 5375****9346 Укрзалізниця 4112 -206.69 -206.69 980 1 0 0 -41709.59
2023-09-25
15:19 5375****9346 536354****1585 4829 -653.12 -628 980 1 25.12 0 -41502.9
2023-09-25
12:12 5375****9346 KAVIARNIA, KYIV 5814 -55 -55 980 1 0 0 -40849.78
2023-09-24
16:36 5375****9346 Зняття готівки в банкоматі 6011 -5200 -5000 980 1 200 0 -40794.78
2023-09-24
16:22 5375****9346 Київ Цифровий 4111 -8 -8 980 1 0 0 -35594.78
2023-09-24
15:54 5375****9346 Parovamashina, KIEV 5814 -20 -20 980 1 0 0 -35586.78
2023-09-24
12:28 5375****9346 Київ Цифровий 4111 -8 -8 980 1 0 0 -35566.78

=== PAGE 32 ===
АКЦІОНЕРНЕ ТОВАРИСТВО «АКЦЕНТ-БАНК»
вул. Батумська, 11, м. Днiпро, 49074, Україна
телефон: 7776, www.a-bank.com.ua
Міжнародні дзвінки: +38 (056) 722-05-55
від 14.06.2026 08:05 No SAMABWFC10073509345 Сторінка 14 з 33
Дата і час
операції Номер картки Деталі операції МСС
Сума у
валюті карти
(UAH)
Сума у
валюті
операції
Валюта Курс
Сума
комісій
(UAH)
Сума
кешбеку
(UAH)
Залишок після
операціЇ
2023-09-24
12:07 5375****9346 KAVIARNIA, KYIV 5814 -55 -55 980 1 0 0 -35558.78
2023-09-23
17:50 5375****9346 Pitnavoda, KIEV 5499 -32.3 -32.3 980 1 0 0.23 -35503.78
2023-09-23
17:15 5375****9346 Київ Цифровий 4111 -8 -8 980 1 0 0 -35471.48
2023-09-23
16:03 5375****9346 536354****7430 4829 -520 -500 980 1 20 0 -35463.48
2023-09-23
14:23 5375****9346 Uklon 4121 -120 -120 980 1 0 0 -34943.48
2023-09-23
14:22 5375****9346 KAVIARNIA, KYIV 5814 -55 -55 980 1 0 0 -34823.48
2023-09-22
13:12 5375****9346 KAVIARNIA, KYIV 5814 -28 -28 980 1 0 0 -34768.48
2023-09-22
12:59 5375****9346 APTEKA 10, KYYIV 5912 -367.4 -367.4 980 1 0 0 -34740.48
2023-09-22
11:25 5375****9346 Зі своєї картки 6538 -1047.28 -1007 980 1 40.28 0 -34373.08
2023-09-21
21:48 5375****9346 Uklon 4121 -26 -26 980 1 0 0 -33325.8
2023-09-21
21:27 5375****9346 Uklon 4121 -134 -134 980 1 0 0 -33299.8
2023-09-21
20:26 5375****9346 Скасування. Uklon 4121 124 124 980 1 0 0 -33165.8
2023-09-21
20:23 5375****9346 Uklon 4121 -124 -124 980 1 0 0 -33289.8
2023-09-21
20:21 5375****9346 Vetgeneration1, KIEV 742 -8850 -8850 980 1 0 88.5 -33165.8
2023-09-21
19:18 5375****9346 Dia, KIEV 5814 -50 -50 980 1 0 0 -24315.8
2023-09-21
14:42 5375****9346 Suhofrukti, KIEV 5499 -108 -108 980 1 0 0.76 -24265.8
2023-09-21
14:33 5375****9346 PHastPHud, KIEV 5814 -80 -80 980 1 0 0 -24157.8
2023-09-21
14:30 5375****9346 Kaviarnia VJ KAVA, KIEV 5814 -24 -24 980 1 0 0 -24077.8
2023-09-21
08:44 5375****9346 Kaviarnia VJ KAVA, KIEV 5814 -24 -24 980 1 0 0 -24053.8
2023-09-20
17:09 5375****9346 Uklon 4121 -170 -170 980 1 0 0 -24029.8
2023-09-20
17:08 5375****9346 Скасування. Uklon 4121 150 150 980 1 0 0 -23859.8
2023-09-20
17:06 5375****9346 Uklon 4121 -150 -150 980 1 0 0 -24009.8

=== PAGE 33 ===
АКЦІОНЕРНЕ ТОВАРИСТВО «АКЦЕНТ-БАНК»
вул. Батумська, 11, м. Днiпро, 49074, Україна
телефон: 7776, www.a-bank.com.ua
Міжнародні дзвінки: +38 (056) 722-05-55
від 14.06.2026 08:05 No SAMABWFC10073509345 Сторінка 15 з 33
Дата і час
операції Номер картки Деталі операції МСС
Сума у
валюті карти
(UAH)
Сума у
валюті
операції
Валюта Курс
Сума
комісій
(UAH)
Сума
кешбеку
(UAH)
Залишок після
операціЇ
2023-09-20
17:00 5375****9346 Kaviarnia VJ KAVA, KIEV 5814 -50 -50 980 1 0 0 -23859.8
2023-09-20
12:43 5375****9346 KAVIARNIA, KYIV 5814 -55 -55 980 1 0 0 -23809.8
2023-09-19
18:41 5375****9346 FruktitaOvochi, KIEV 5499 -65 -65 980 1 0 0.46 -23754.8
2023-09-18
18:30 5375****9346 АТБ 5411 -52.9 -52.9 980 1 0 0.37 -23689.8
2023-09-18
13:32 5375****9346 Kaviarnia VJ KAVA, KIEV 5814 -44 -44 980 1 0 0 -23636.9
2023-09-17
23:59 -
Скасування.
FDY*INFORMATION,14.14.KRUGLOUNIVERSYTE
A
1 1 980 1 0 0 -23592.9
2023-09-17
16:53 5375****9346 Київ Цифровий 4111 -8 -8 980 1 0 0 -23593.9
2023-09-17
16:10 5375****9346 Parovamashina, KIEV 5814 -30 -30 980 1 0 0 -23585.9
2023-09-17
12:56 5375****9346 Скасування. CENTRAL SHOP, KYIV 5411 56 56 980 1 0 -0.39 -23555.9
2023-09-17
12:49 5375****9346 CENTRAL SHOP, KYIV 5411 -56 -56 980 1 0 0.39 -23611.9
2023-09-17
11:51 5375****9346 Київ Цифровий 4111 -8 -8 980 1 0 0 -23555.9
2023-09-17
11:08 5375****9346 KAVIARNIA, KYIV 5814 -55 -55 980 1 0 0 -23547.9
2023-09-16
16:46 5375****9346 Miasnii magazin Miasni, KIEV 5499 -157.3 -157.3 980 1 0 1.1 -23492.9
2023-09-16
16:42 5375****9346 BONUS B-44, KYIV 5131 -171.2 -171.2 980 1 0 0 -23335.6
2023-09-16
16:39 5375****9346 Pitnavoda, KIEV 5499 -32.3 -32.3 980 1 0 0.23 -23164.4
2023-09-16
15:05 5375****9346 Parovamashina, KIEV 5814 -30 -30 980 1 0 0 -23132.1
2023-09-16
14:41 5375****9346 Kafe Iaroslava, vul.Iaroslaviv Val, b.13 5812 -54 -54 980 1 0 0 -23102.1
2023-09-16
11:50 5375****9346 Suhofrukti, KIEV 5499 -110 -110 980 1 0 0.77 -23048.1
2023-09-16
11:45 5375****9346 KAVIARNIA, KYIV 5814 -55 -55 980 1 0 0 -22938.1
2023-09-15
15:35 5375****9346 Монобанк 6010 5000 5000 980 1 0 0 -22883.1
2023-09-15
14:43 5375****9346 KAVIARNIA, KYIV 5814 -38 -38 980 1 0 0 -27883.1
2023-09-15
11:26 5375****9346 Zoomagazin, KIEV 5995 -515 -515 980 1 0 5.15 -27845.1

=== PAGE 34 ===
АКЦІОНЕРНЕ ТОВАРИСТВО «АКЦЕНТ-БАНК»
вул. Батумська, 11, м. Днiпро, 49074, Україна
телефон: 7776, www.a-bank.com.ua
Міжнародні дзвінки: +38 (056) 722-05-55
від 14.06.2026 08:05 No SAMABWFC10073509345 Сторінка 16 з 33
Дата і час
операції Номер картки Деталі операції МСС
Сума у
валюті карти
(UAH)
Сума у
валюті
операції
Валюта Курс
Сума
комісій
(UAH)
Сума
кешбеку
(UAH)
Залишок після
операціЇ
2023-09-14
15:46 5375****9346 Vetgeneration1, KIEV 742 -6000 -6000 980 1 0 60 -27330.1
2023-09-14
13:47 5375****9346 УкрСиббанк 6536 400 400 980 1 0 0 -21330.1
2023-09-14
12:08 5375****9346 Uklon 4121 -23 -23 980 1 0 0 -21730.1
2023-09-14
11:47 - Uklon 4121 -116 -116 980 1 0 0 -21707.1
2023-09-14
11:46 5375****9346 FDY*information, KYIV 7375 -1 -1 980 1 0 0 -21591.1
2023-09-14
11:39 5375****9346 Kaviarnia VJ KAVA, KIEV 5814 -50 -50 980 1 0 0 -21590.1
2023-09-13
13:01 5375****9346 KAVIARNIA, KYIV 5814 -66 -66 980 1 0 0 -21540.1
2023-09-12
19:05 5375****9346 Suhofrukti, KIEV 5499 -69 -69 980 1 0 0.48 -21474.1
2023-09-12
16:05 5375****9346 FruktitaOvochi, KIEV 5499 -163 -163 980 1 0 1.14 -21405.1
2023-09-12
16:02 5375****9346 Kaviarnia VJ KAVA, KIEV 5814 -24 -24 980 1 0 0 -21242.1
2023-09-11
19:06 5375****9346 FruktitaOvochi, KIEV 5499 -80 -80 980 1 0 0.56 -21218.1
2023-09-11
14:00 5375****9346 KAVIARNIA, KYIV 5814 -38 -38 980 1 0 0 -21138.1
2023-09-10
17:42 5375****9346 FruktitaOvochi, KIEV 5499 -155 -155 980 1 0 1.09 -21100.1
2023-09-10
17:31 5375****9346 Київ Цифровий 4111 -8 -8 980 1 0 0 -20945.1
2023-09-10
12:46 5375****9346 CENTRAL SHOP, KYIV 5411 -84 -84 980 1 0 0.59 -20937.1
2023-09-10
12:15 5375****9346 Parovamashina, KIEV 5814 -40 -40 980 1 0 0 -20853.1
2023-09-10
11:51 5375****9346 Київ Цифровий 4111 -8 -8 980 1 0 0 -20813.1
2023-09-10
11:05 5375****9346 KAVIARNIA, KYIV 5814 -55 -55 980 1 0 0 -20805.1
2023-09-09
17:18 5375****9346 EVA 5977 -132.99 -132.99 980 1 0 0 -20750.1
2023-09-09
17:10 5375****9346 Київ Цифровий 4111 -8 -8 980 1 0 0 -20617.11
2023-09-09
16:33 5375****9346 lazzat, KIEV 5814 -100 -100 980 1 0 0 -20609.11
2023-09-09
16:27 5375****9346 lazzat, KIEV 5814 -100 -100 980 1 0 0 -20509.11

=== PAGE 35 ===
АКЦІОНЕРНЕ ТОВАРИСТВО «АКЦЕНТ-БАНК»
вул. Батумська, 11, м. Днiпро, 49074, Україна
телефон: 7776, www.a-bank.com.ua
Міжнародні дзвінки: +38 (056) 722-05-55
від 14.06.2026 08:05 No SAMABWFC10073509345 Сторінка 17 з 33
Дата і час
операції Номер картки Деталі операції МСС
Сума у
валюті карти
(UAH)
Сума у
валюті
операції
Валюта Курс
Сума
комісій
(UAH)
Сума
кешбеку
(UAH)
Залишок після
операціЇ
2023-09-09
15:27 5375****9346 Київ Цифровий 4111 -8 -8 980 1 0 0 -20409.11
2023-09-09
13:55 5375****9346 536354****7430 4829 -520 -500 980 1 20 0 -20401.11
2023-09-09
13:54 5375****9346 Повернення комісії за неуспішний переказ на
картку 51*9500 4829 20 20 980 1 0 0 -19881.11
2023-09-09
13:53 5375****9346 Повернення неуспішного переказу на картку
іншого банку 51*9500 4829 500 500 980 1 0 0 -19901.11
2023-09-09
13:53 5375****9346 516933****9500 4829 -500 -500 980 1 0 0 -20401.11
2023-09-09
13:11 5375****9346 SLPO, KIYEV 5411 -72.99 -72.99 980 1 0 0.51 -19901.11
2023-09-09
12:45 5375****9346 Київ Цифровий 4111 -8 -8 980 1 0 0 -19828.12
2023-09-09
12:06 5375****9346 KAVIARNIA, KYIV 5814 -55 -55 980 1 0 0 -19820.12
2023-09-08
12:39 5375****9346 Львівські круасани 5814 -37 -37 980 1 0 0 -19765.12
2023-09-08
12:04 5375****9346 TOV MKHP-RITEIL, M.KYIV 5411 -90 -90 980 1 0 0.63 -19728.12
2023-09-08
10:53 5375****9346 Kaviarnia VJ KAVA, KIEV 5814 -50 -50 980 1 0 0 -19638.12
2023-09-08
10:44 5375****9346 414949****9841 4829 -1456 -1400 980 1 56 0 -19588.12
2023-09-07
13:48 5375****9346 DonerKebab, KIEV 5814 -80 -80 980 1 0 0 -18132.12
2023-09-06
18:38 5375****9346 Miasnii magazin Miasni, KIEV 5499 -143.68 -143.68 980 1 0 1.01 -18052.12
2023-09-04
15:17 5375****9346 Suhofrukti, KIEV 5499 -270 -270 980 1 0 1.89 -17908.44
2023-09-04
13:08 5375****9346 Pitnavoda, KIEV 5499 -32.3 -32.3 980 1 0 0.23 -17638.44
2023-09-04
12:27 5375****9346 KAVIARNIA, KYIV 5814 -38 -38 980 1 0 0 -17606.14
2023-09-03
23:59 -
Скасування. uz gov ua mobile payme,03150, m.
Kyiv, v 204.78 204.78 980 1 0 0 -17568.14
2023-09-03
23:59 -
Скасування. uz gov ua mobile payme,03150, m.
Kyiv, v 81.92 81.92 980 1 0 0 -17772.92
2023-09-03
17:34 5375****9346 Kipish, KIEV 5814 -110 -110 980 1 0 0 -17854.84
2023-09-03
15:43 5375****9346 Kaviarnia VJ KAVA, KIEV 5814 -50 -50 980 1 0 0 -17744.84
2023-09-02
19:53 5375****9346 Фора 5411 -22.9 -22.9 980 1 0 0.16 -17694.84

=== PAGE 36 ===
АКЦІОНЕРНЕ ТОВАРИСТВО «АКЦЕНТ-БАНК»
вул. Батумська, 11, м. Днiпро, 49074, Україна
телефон: 7776, www.a-bank.com.ua
Міжнародні дзвінки: +38 (056) 722-05-55
від 14.06.2026 08:05 No SAMABWFC10073509345 Сторінка 18 з 33
Дата і час
операції Номер картки Деталі операції МСС
Сума у
валюті карти
(UAH)
Сума у
валюті
операції
Валюта Курс
Сума
комісій
(UAH)
Сума
кешбеку
(UAH)
Залишок після
операціЇ
2023-09-02
18:16 5375****9346 BIG MAMA, KYIV 5812 -105 -105 980 1 0 0 -17671.94
2023-09-02
15:46 5375****9346 Kaviarnia VJ KAVA, KIEV 5814 -50 -50 980 1 0 0 -17566.94
2023-09-02
13:10 5375****9346 BONUS B-44, KYIV 5131 -38.1 -38.1 980 1 0 0 -17516.94
2023-09-02
12:27 5375****9346 Suhofrukti, KIEV 5499 -215 -215 980 1 0 1.51 -17478.84
2023-09-02
12:25 5375****9346 Miasnii magazin Miasni, KIEV 5499 -53.94 -53.94 980 1 0 0.38 -17263.84
2023-09-02
12:11 5375****9346 KAVIARNIA, KYIV 5814 -55 -55 980 1 0 0 -17209.9
2023-09-01
19:29 5375****9346 OTSMarket, KIEV 5499 -40.5 -40.5 980 1 0 0 -17154.9
2023-09-01
09:40 5375****9346 537541****7507 4829 -3640 -3500 980 1 140 0 -17114.4
2023-08-29
18:50 5375****9346 OTSMarket, KIEV 5499 -40.5 -40.5 980 1 0 0 -13474.4
2023-08-29
13:02 5375****9346 Нова пошта 4214 -193 -193 980 1 0 0 -13433.9
2023-08-29
13:01 5375****9346 Нова пошта 6538 -405.6 -390 980 1 15.6 0 -13240.9
2023-08-29
12:18 5375****9346 KAVIARNIA, KYIV 5814 -55 -55 980 1 0 0 -12835.3
2023-08-29
10:28 5375****9346 ОВРУЧ АЛЬТЕР ЕНЕРГО 4900 -538.56 -528 980 1 10.56 0 -12780.3
2023-08-29
09:34 5375****9346 Kaviarnia VJ KAVA, KIEV 5814 -24 -24 980 1 0 0 -12241.74
2023-08-28
19:28 5375****9346 Suhofrukti, KIEV 5499 -190.48 -190.48 980 1 0 0 -12217.74
2023-08-28
15:24 5375****9346 Повернення комісії за неуспішний переказ на
картку 51*9500 4829 21.12 21.12 980 1 0 0 -12027.26
2023-08-28
15:24 5375****9346 Повернення неуспішного переказу на картку
іншого банку 51*9500 4829 528 528 980 1 0 0 -12048.38
2023-08-28
15:24 5375****9346 516933****9500 4829 -528 -528 980 1 0 0 -12576.38
2023-08-28
13:44 5375****9346 Prom.ua 6538 -291.2 -280 980 1 11.2 0 -12048.38
2023-08-28
13:04 5375****9346 KAVIARNIA, KYIV 5814 -38 -38 980 1 0 0 -11757.18
2023-08-28
08:43 5375****9346 Kaviarnia VJ KAVA, KIEV 5814 -24 -24 980 1 0 0 -11719.18
2023-08-27
15:55 5375****9346 Київ Цифровий 4111 -8 -8 980 1 0 0 -11695.18

=== PAGE 37 ===
АКЦІОНЕРНЕ ТОВАРИСТВО «АКЦЕНТ-БАНК»
вул. Батумська, 11, м. Днiпро, 49074, Україна
телефон: 7776, www.a-bank.com.ua
Міжнародні дзвінки: +38 (056) 722-05-55
від 14.06.2026 08:05 No SAMABWFC10073509345 Сторінка 19 з 33
Дата і час
операції Номер картки Деталі операції МСС
Сума у
валюті карти
(UAH)
Сума у
валюті
операції
Валюта Курс
Сума
комісій
(UAH)
Сума
кешбеку
(UAH)
Залишок після
операціЇ
2023-08-27
15:35 5375****9346 McDonald’s 5814 -38 -38 980 1 0 0 -11687.18
2023-08-27
12:22 5375****9346 Київ Цифровий 4111 -8 -8 980 1 0 0 -11649.18
2023-08-27
12:20 5375****9346 CENTRAL SHOP, KYIV 5411 -20 -20 980 1 0 0 -11641.18
2023-08-27
11:34 5375****9346 Kipish, KIEV 5814 -110 -110 980 1 0 0 -11621.18
2023-08-27
10:54 5375****9346 KAVIARNIA, KYIV 5814 -55 -55 980 1 0 0 -11511.18
2023-08-27
10:14 5375****9346 Укрзалізниця 4112 -317.42 -317.42 980 1 0 0 -11456.18
2023-08-27
10:00 5375****9346 Укрзалізниця 4112 -276.9 -276.9 980 1 0 0 -11138.76
2023-08-26
20:47 5375****9346 Suhofrukti, KIEV 5499 -190 -190 980 1 0 0 -10861.86
2023-08-26
16:39 5375****9346 Київ Цифровий 4111 -8 -8 980 1 0 0 -10671.86
2023-08-26
16:12 5375****9346 BIG MAMA, KYIV 5812 -70 -70 980 1 0 0 -10663.86
2023-08-26
15:03 5375****9346 536354****7430 4829 -520 -500 980 1 20 0 -10593.86
2023-08-26
13:03 5375****9346 KAVIARNIA, KYIV 5814 -55 -55 980 1 0 0 -10073.86
2023-08-26
12:35 5375****9346 Pitnavoda, KIEV 5499 -32.3 -32.3 980 1 0 0 -10018.86
2023-08-26
12:34 5375****9346 Скасування. Pitnavoda, KIEV 5499 32.3 32.3 980 1 0 0 -9986.56
2023-08-26
12:34 5375****9346 Pitnavoda, KIEV 5499 -32.3 -32.3 980 1 0 0 -10018.86
2023-08-26
12:34 5375****9346 Скасування. Pitnavoda, KIEV 5499 32.3 32.3 980 1 0 0 -9986.56
2023-08-26
12:34 5375****9346 Pitnavoda, KIEV 5499 -32.3 -32.3 980 1 0 0 -10018.86
2023-08-25
14:01 5375****9346 KAVIARNIA, KYIV 5814 -38 -38 980 1 0 0 -9986.56
2023-08-25
08:54 5375****9346 Kaviarnia VJ KAVA, KIEV 5814 -24 -24 980 1 0 0 -9948.56
2023-08-25
08:52 5375****9346 Зі своєї картки 6538 -1570.92 -1510.5 980 1 60.42 0 -9924.56
2023-08-25
08:43 5375****9346 537541****7507 4829 -8319.71 -8000 980 1 319.71 0 -8353.64
2023-08-21
15:02 5375****9346 KAVIARNIA, KYIV 5814 -28 -28 980 1 0 0 -33.93

=== PAGE 38 ===
АКЦІОНЕРНЕ ТОВАРИСТВО «АКЦЕНТ-БАНК»
вул. Батумська, 11, м. Днiпро, 49074, Україна
телефон: 7776, www.a-bank.com.ua
Міжнародні дзвінки: +38 (056) 722-05-55
від 14.06.2026 08:05 No SAMABWFC10073509345 Сторінка 20 з 33
Дата і час
операції Номер картки Деталі операції МСС
Сума у
валюті карти
(UAH)
Сума у
валюті
операції
Валюта Курс
Сума
комісій
(UAH)
Сума
кешбеку
(UAH)
Залишок після
операціЇ
2023-08-21
08:19 5375****9346 Kaviarnia VJ KAVA, KIEV 5814 -24 -24 980 1 0 0 -5.93
2023-08-20
18:25 5375****9346 Київ Цифровий 4111 -8 -8 980 1 0 0 18.07
2023-08-19
19:14 5375****9346 Київ Цифровий 4111 -8 -8 980 1 0 0 26.07
2023-08-19
12:46 5375****9346 Київ Цифровий 4111 -8 -8 980 1 0 0 34.07
2023-08-18
14:24 5375****9346 KAVIARNIA, KYIV 5814 -28 -28 980 1 0 0 42.07
2023-08-18
11:05 - City24 6010 100 100 980 1 0 0 70.07
2023-08-10
15:07 5375****9346 Coffeeforrest, KIEV 5814 -23 -23 980 1 0 0 -29.93
2023-08-10
12:35 5375****9346 Suhofrukti, KIEV 5499 -38 -38 980 1 0 0 -6.93
2023-07-10
11:46 5375****9346 ПриватБанк 6536 1300 1300 980 1 0 0 31.07
2023-06-28
14:54 5375****9346 537541****7507 4829 -1547.22 -1500 980 1 47.22 0 -1268.93
2022-10-17
11:16 5375****9346 AZS 09-1, GLYB-KA S-R 5541 -65 -65 980 1 0 0 278.29
2022-10-16
20:20 5375****9346 АТБ 5411 -25.3 -25.3 980 1 0 0 343.29
2022-10-15
20:09 5375****9346 GROSH EXPRESS 16, VINNYTSYA 5411 -57.8 -57.8 980 1 0 0 368.59
2022-10-15
17:43 5375****9346 AZS 09-3, GLYB-KA S-R 5541 -17.5 -17.5 980 1 0 0 426.39
2022-10-14
15:02 5375****9346 KAVAVERIIA, m. Kyiv 5814 -37 -37 980 1 0 0 443.89
2022-10-14
08:07 5375****9346 Kaviarnia VJ KAVA, KIEV 5814 -45 -45 980 1 0 0 480.89
2022-10-07
11:26 5375****9346 Зняття готівки в банкоматі 6011 -2522.5 -2500 980 1 22.5 0 525.89
2022-10-01
00:03 -
Списання відсотків за використання кредитного
ліміту 4829 -381.25 -381.25 980 1 0 0 3048.39
2022-09-13
12:48 5375****9346 Поповнення карти у терміналі I-Box 6010 5000 5000 980 1 0 0 3429.64
2022-09-13
12:47 5375****9346 Поповнення карти у терміналі I-Box 6010 5000 5000 980 1 0 0 -1570.36
2022-09-13
12:46 5375****9346 Поповнення карти у терміналі I-Box 6010 5000 5000 980 1 0 0 -6570.36
2022-09-13
12:45 5375****9346 Поповнення карти у терміналі I-Box 6010 5000 5000 980 1 0 0 -11570.36

=== PAGE 39 ===
АКЦІОНЕРНЕ ТОВАРИСТВО «АКЦЕНТ-БАНК»
вул. Батумська, 11, м. Днiпро, 49074, Україна
телефон: 7776, www.a-bank.com.ua
Міжнародні дзвінки: +38 (056) 722-05-55
від 14.06.2026 08:05 No SAMABWFC10073509345 Сторінка 21 з 33
Дата і час
операції Номер картки Деталі операції МСС
Сума у
валюті карти
(UAH)
Сума у
валюті
операції
Валюта Курс
Сума
комісій
(UAH)
Сума
кешбеку
(UAH)
Залишок після
операціЇ
2022-09-13
12:29 5375****9346 Поповнення карти у терміналі I-Box 6010 5000 5000 980 1 0 0 -16570.36
2022-09-13
12:28 5375****9346 Поповнення карти у терміналі I-Box 6010 5000 5000 980 1 0 0 -21570.36
2022-09-13
12:26 5375****9346 Поповнення карти у терміналі I-Box 6010 5000 5000 980 1 0 0 -26570.36
2022-09-13
12:25 5375****9346 Поповнення карти у терміналі I-Box 6010 5000 5000 980 1 0 0 -31570.36
2022-09-01
00:03 -
Списання відсотків за використання кредитного
ліміту 4829 -984.87 -984.87 980 1 0 0 -36570.36
2022-08-22
13:21 5375****9346 Поповнення карти у терміналі I-Box 6010 200 200 980 1 0 0 -35585.49
2022-08-01
00:03 -
Списання відсотків за використання кредитного
ліміту 4829 -984.89 -984.89 980 1 0 0 -35785.49
2022-07-01
00:03 -
Списання відсотків за використання кредитного
ліміту 4829 -953.12 -953.12 980 1 0 0 -34800.6
2022-06-01
00:03 -
Списання відсотків за використання кредитного
ліміту 4829 -984.92 -984.92 980 1 0 0 -33847.48
2022-05-01
00:03 -
Списання відсотків за використання кредитного
ліміту 4829 -953.11 -953.11 980 1 0 0 -32862.56
2022-04-01
00:03 -
Списання відсотків за використання кредитного
ліміту 4829 -984.88 -984.88 980 1 0 0 -31909.45
2022-03-01
00:03 -
Списання відсотків за використання кредитного
ліміту 4829 -889.58 -889.58 980 1 0 0 -30924.57
2022-02-01
18:52 *346 Sportbank 6536 100 100 980 1 0 0 -30034.99
2022-02-01
00:03 -
Списання відсотків за використання кредитного
ліміту 4829 -1671.58 -1671.58 980 1 0 0 -30134.99
2022-01-31
12:05 *346 Sportbank 6536 1500 1500 980 1 0 0 -28463.41
2021-12-25
15:13 *346 SUNRISE*AUTOENTER_GP, KHARKIV 7523 -822.63 -822.63 980 1 0 0 -29963.41
2021-12-25
14:34 *346 PARADISE, KYIV 5812 -80 -80 980 1 0 0 -29140.78
2021-12-24
20:00 *346 LIQPAY*Filiya GIOC AT, DN-SK 4112 -297.97 -297.97 980 1 0 0 -29060.78
2021-12-24
19:51 *346 Hlibniy HL5, KIYEV 5814 -85 -85 980 1 0 0 -28762.81
2021-12-24
17:29 *346 LIQPAY*TOV MONOLYT 17, DNIPRO 5541 -100 -100 980 1 0 0 -28677.81
2021-12-24
17:27 *346 Сільпо 5411 -72.53 -72.53 980 1 0 0 -28577.81
2021-12-24
08:32 *346 SUNRISE*AUTOENTER_GP, KHARKIV 7523 -1028.28 -1028.28 980 1 0 0 -28505.28

=== PAGE 40 ===
АКЦІОНЕРНЕ ТОВАРИСТВО «АКЦЕНТ-БАНК»
вул. Батумська, 11, м. Днiпро, 49074, Україна
телефон: 7776, www.a-bank.com.ua
Міжнародні дзвінки: +38 (056) 722-05-55
від 14.06.2026 08:05 No SAMABWFC10073509345 Сторінка 22 з 33
Дата і час
операції Номер картки Деталі операції МСС
Сума у
валюті карти
(UAH)
Сума у
валюті
операції
Валюта Курс
Сума
комісій
(UAH)
Сума
кешбеку
(UAH)
Залишок після
операціЇ
2021-12-24
06:47 *346 FINEX TRZ_UTILITIES, KYIV 4900 -300 -300 980 1 0 0 -27477
2021-12-23
21:04 *346 FOP AVDIEIEVA VALERIIA, KIYV 7523 -30 -30 980 1 0 0 -27177
2021-12-23
20:55 *346 3000850, KIEV 5411 -43.29 -43.29 980 1 0 0 -27147
2021-12-23
20:43 *346 Нова пошта 4214 -46 -46 980 1 0 0 -27103.71
2021-12-23
20:43 *346 Нова пошта 6538 -323.44 -311 980 1 12.44 0 -27057.71
2021-12-23
20:33 *346 VARENiChNAIa KATIuShA, KIEV 5814 -70 -70 980 1 0 0 -26734.27
2021-12-23
12:39 *346 McDonald’s 5814 -44 -44 980 1 0 0 -26664.27
2021-12-22
19:29 *346 Glusco 5541 -63.5 -63.5 980 1 0 0 -26620.27
2021-12-22
17:30 *346 Portmone 5533 -806 -806 980 1 0 0 -26556.77
2021-12-22
16:05 *346 Restoran, KIEV 5814 -108 -108 980 1 0 0 -25750.77
2021-12-22
13:28 *346 KavjarnjaTwinsCoffeeRo, KIEV 5814 -20 -20 980 1 0 0 -25642.77
2021-12-22
13:07 *346 SUNRISE*AUTOENTER_GP, KHARKIV 7523 -1028.28 -1028.28 980 1 0 0 -25622.77
2021-12-22
11:36 *346 BIG MAMA, KYYIV 5812 -80 -80 980 1 0 0 -24594.49
2021-12-22
11:29 *346 Besarabika, KIEV 5814 -35 -35 980 1 0 0 -24514.49
2021-12-21
23:28 *346 MOYCAR, KIEV 7542 -60 -60 980 1 0 0 -24479.49
2021-12-21
23:16 *346 MOYCAR, KIEV 7542 -90 -90 980 1 0 0 -24419.49
2021-12-21
20:56 *346 McDonald’s 5814 -47 -47 980 1 0 0 -24329.49
2021-12-21
20:08 *346 PHORA, GORA 5499 -19.69 -19.69 980 1 0 0 -24282.49
2021-12-21
17:59 *346 Glusco 5541 -86.5 -86.5 980 1 0 0 -24262.8
2021-12-21
15:35 *346 LIQPAY*TOV MONOLYT 17, DNIPRO 5541 -100 -100 980 1 0 0 -24176.3
2021-12-21
15:06 *346 Takeit, KIYEV 5814 -51 -51 980 1 0 0 -24076.3
2021-12-21
14:42 *346 SALATEJRA VASYLKIVSKA, KYIV 5814 -119 -119 980 1 0 0 -24025.3

=== PAGE 41 ===
АКЦІОНЕРНЕ ТОВАРИСТВО «АКЦЕНТ-БАНК»
вул. Батумська, 11, м. Днiпро, 49074, Україна
телефон: 7776, www.a-bank.com.ua
Міжнародні дзвінки: +38 (056) 722-05-55
від 14.06.2026 08:05 No SAMABWFC10073509345 Сторінка 23 з 33
Дата і час
операції Номер картки Деталі операції МСС
Сума у
валюті карти
(UAH)
Сума у
валюті
операції
Валюта Курс
Сума
комісій
(UAH)
Сума
кешбеку
(UAH)
Залишок після
операціЇ
2021-12-20
20:47 *346 Aroma Kava 5814 -45 -45 980 1 0 0 -23906.3
2021-12-20
14:56 *346 eBay O*16-08032-81432, San Jose 5311 -2627.25 -95.96 840 27.3786 0 0 -23861.3
2021-12-20
14:55 *346 Скасування. PayPal 5311 1 1 980 1 0 0 -21234.05
2021-12-20
14:55 *346 PayPal 5311 -1 -1 980 1 0 0 -21235.05
2021-12-20
14:55 - Скасування. PayPal 5999 27.47 1 840 1 0 0 -21234.05
2021-12-20
14:55 - PayPal 5999 -27.47 -1 840 27.47 0 0 -21261.52
2021-12-20
14:50 *346 SALATEJRA VASYLKIVSKA, KYIV 5814 -156 -156 980 1 0 0 -21234.05
2021-12-20
14:49 *346 SUNRISE*AUTOENTER_GP, KHARKIV 7523 -1028.28 -1028.28 980 1 0 0 -21078.05
2021-12-20
09:54 *346 KAVA Z SOBOIu, VINNITSA 5499 -35 -35 980 1 0 0 -20049.77
2021-12-19
20:27 *346 LIQPAY*Filiya GIOC AT, DN-SK 4112 -275.81 -275.81 980 1 0 0 -20014.77
2021-12-19
19:01 *346 Сільпо 5411 -26.38 -26.38 980 1 0 0 -19738.96
2021-12-19
02:00 *346 LIQPAY*Filiya GIOC AT, DN-SK 4112 -247.52 -247.52 980 1 0 0 -19712.58
2021-12-18
23:29 *346 Aroma Kava 5814 -41 -41 980 1 0 0 -19465.06
2021-12-18
22:12 *346 PPSAFLORA, KIYEV 5411 -203.5 -203.5 980 1 0 0 -19424.06
2021-12-18
18:52 *346 Нова Лінія 5812 -27 -27 980 1 0 0 -19220.56
2021-12-18
18:49 *346 NL6 BORISPIL GORBATYUK, BORISPIL 5211 -77.78 -77.78 980 1 0 0 -19193.56
2021-12-18
14:16 *346 Hlibniy HL5, KIYEV 5814 -65 -65 980 1 0 0 -19115.78
2021-12-18
13:36 *346 Сільпо 5411 -140.51 -140.51 980 1 0 0 -19050.78
2021-12-17
16:49 *346 SALATEJRA VASYLKIVSKA, KYIV 5814 -141 -141 980 1 0 0 -18910.27
2021-12-17
15:10 *346 SUNRISE*AUTOENTER_GP, KHARKIV 7523 -1028.28 -1028.28 980 1 0 0 -18769.27
2021-12-17
10:46 *346 TOV YAROSLAVNA, KYYIV 5814 -81 -81 980 1 0 0 -17740.99
2021-12-17
09:05 *346 DelviMag42, KIEV 5499 -28.5 -28.5 980 1 0 0 -17659.99

=== PAGE 42 ===
АКЦІОНЕРНЕ ТОВАРИСТВО «АКЦЕНТ-БАНК»
вул. Батумська, 11, м. Днiпро, 49074, Україна
телефон: 7776, www.a-bank.com.ua
Міжнародні дзвінки: +38 (056) 722-05-55
від 14.06.2026 08:05 No SAMABWFC10073509345 Сторінка 24 з 33
Дата і час
операції Номер картки Деталі операції МСС
Сума у
валюті карти
(UAH)
Сума у
валюті
операції
Валюта Курс
Сума
комісій
(UAH)
Сума
кешбеку
(UAH)
Залишок після
операціЇ
2021-12-16
21:19 *346 PPSAFLORA, KIYEV 5411 -141.5 -141.5 980 1 0 0 -17631.49
2021-12-16
18:05 *346 Lazzat, KIEV 5814 -50 -50 980 1 0 0 -17489.99
2021-12-15
11:38 *346 PRODUKTOVYI MAG, KYIV 5499 -55 -55 980 1 0 0 -17439.99
2021-12-14
22:24 *346 MOYCAR, KIEV 7542 -50 -50 980 1 0 0 -17384.99
2021-12-14
20:22 *346 restoran, KIEV 5812 -283 -283 980 1 0 0 -17334.99
2021-12-14
15:34 *346 FINEX TRZ_UTILITIES, KYIV 4900 -200 -200 980 1 0 0 -17051.99
2021-12-14
14:10 *346 Зарахування переказу на карту 6536 413.7 413.7 980 1 0 0 -16851.99
2021-12-14
11:18 *346 Takeit, KIYEV 5814 -51 -51 980 1 0 0 -17265.69
2021-12-14
11:09 *346 SUNRISE*AUTOENTER_GP, KHARKIV 7523 -1028.28 -1028.28 980 1 0 0 -17214.69
2021-12-14
10:56 *346 SALATEJRA VASYLKIVSKA, KYIV 5814 -177 -177 980 1 0 0 -16186.41
2021-12-14
02:51 *346 PARKING, KYYIV 7523 -300 -300 980 1 0 0 -16009.41
2021-12-13
16:02 *346 VINNYTSYACARTSERVISE, VINNYTSYA 4111 -8 -8 980 1 0 0 -15709.41
2021-12-13
15:06 *346 Budmo, VINNITSA 5814 -310 -310 980 1 0 0 -15701.41
2021-12-13
14:03 *346 Turman, VINNITSA 5814 -40 -40 980 1 0 0 -15391.41
2021-12-12
14:03 *346 LIQPAY*Filiya GIOC AT, DN-SK 4112 -264.28 -264.28 980 1 0 0 -15351.41
2021-12-12
13:55 *346 Пузата хата 5814 -164 -164 980 1 0 0 -15087.13
2021-12-12
10:54 - NovaPay 8999 -51 -51 980 1 0 0 -14923.13
2021-12-12
09:49 *346 Hlibniy HL5, KIYEV 5814 -65 -65 980 1 0 0 -14872.13
2021-12-11
22:48 *346 LIQPAY*Filiya GIOC AT, DN-SK 4112 -416.61 -416.61 980 1 0 0 -14807.13
2021-12-11
21:58 *346 537541****5267 4829 -88.4 -85 980 1 3.4 0 -14390.52
2021-12-11
20:40 *346 Restoran, KIEV 5814 -59 -59 980 1 0 0 -14302.12
2021-12-11
17:44 *346 SALATEJRA VASYLKIVSKA, KYIV 5814 -142 -142 980 1 0 0 -14243.12

=== PAGE 43 ===
АКЦІОНЕРНЕ ТОВАРИСТВО «АКЦЕНТ-БАНК»
вул. Батумська, 11, м. Днiпро, 49074, Україна
телефон: 7776, www.a-bank.com.ua
Міжнародні дзвінки: +38 (056) 722-05-55
від 14.06.2026 08:05 No SAMABWFC10073509345 Сторінка 25 з 33
Дата і час
операції Номер картки Деталі операції МСС
Сума у
валюті карти
(UAH)
Сума у
валюті
операції
Валюта Курс
Сума
комісій
(UAH)
Сума
кешбеку
(UAH)
Залишок після
операціЇ
2021-12-11
17:09 *346 SPLATA, KYIV 7994 -300 -300 980 1 0 0 -14101.12
2021-12-11
15:24 *346 BiloruskaTSukernjaMINC, KIYEV 5441 -110 -110 980 1 0 0 -13801.12
2021-12-11
14:36 *346 Aroma Kava 5814 -31 -31 980 1 0 0 -13691.12
2021-12-11
14:25 *346 Produkti 2, KIYEV 5499 -57 -57 980 1 0 0 -13660.12
2021-12-11
11:53 *346 Нова пошта 7399 -242 -242 980 1 0 0 -13603.12
2021-12-11
11:03 *346 Сільпо 5411 -33.98 -33.98 980 1 0 0 -13361.12
2021-12-10
20:57 *346 PPSAFLORA, KIYEV 5411 -106 -106 980 1 0 0 -13327.14
2021-12-10
20:49 *346 PPSAFLORA, KIYEV 5411 -112 -112 980 1 0 0 -13221.14
2021-12-10
16:42 *346 GORKii ESPRESSO BAR, KIEV 5814 -45 -45 980 1 0 0 -13109.14
2021-12-10
15:05 *346 SALATEJRA VASYLKIVSKA, KYIV 5814 -156 -156 980 1 0 0 -13064.14
2021-12-10
13:27 *346 McDonald’s 5814 -36 -36 980 1 0 0 -12908.14
2021-12-10
07:52 *346 SUNRISE*AutoEnterprise, KHARKIV 7523 -1028.28 -1028.28 980 1 0 0 -12872.14
2021-12-09
22:39 *346 LIQPAY*Vegetus, DN-SK 5411 -284.9 -284.9 980 1 0 0 -11843.86
2021-12-09
18:25 *346 Сільпо 5411 -76.78 -76.78 980 1 0 0 -11558.96
2021-12-09
15:46 *346 MagazinProdukti, KIEV 5499 -56 -56 980 1 0 0 -11482.18
2021-12-09
14:41 *346 AJLAVBAR, KIEV 5814 -40 -40 980 1 0 0 -11426.18
2021-12-09
10:31 *346 BiloruskaTSukernjaMINC, KIYEV 5441 -24 -24 980 1 0 0 -11386.18
2021-12-09
10:28 *346 BiloruskaTSukernjaMINC, KIYEV 5441 -30 -30 980 1 0 0 -11362.18
2021-12-09
09:24 *346 536354****4950 4829 -577.2 -555 980 1 22.2 0 -11332.18
2021-12-09
08:40 *346 Besarabika, KIEV 5814 -35 -35 980 1 0 0 -10754.98
2021-12-08
22:13 *346 FINEX TRZ_UTILITIES, KYIV 4900 -200 -200 980 1 0 0 -10719.98
2021-12-08
21:24 *346 516933****0952 4829 -884 -850 980 1 34 0 -10519.98

=== PAGE 44 ===
АКЦІОНЕРНЕ ТОВАРИСТВО «АКЦЕНТ-БАНК»
вул. Батумська, 11, м. Днiпро, 49074, Україна
телефон: 7776, www.a-bank.com.ua
Міжнародні дзвінки: +38 (056) 722-05-55
від 14.06.2026 08:05 No SAMABWFC10073509345 Сторінка 26 з 33
Дата і час
операції Номер картки Деталі операції МСС
Сума у
валюті карти
(UAH)
Сума у
валюті
операції
Валюта Курс
Сума
комісій
(UAH)
Сума
кешбеку
(UAH)
Залишок після
операціЇ
2021-12-08
21:08 *346 3000850, KIEV 5411 -14.99 -14.99 980 1 0 0 -9635.98
2021-12-08
19:27 *346 Сільпо 5411 -45.81 -45.81 980 1 0 0 -9620.99
2021-12-08
16:15 *346 KHLIBNA KAVAKOLODIAC, KYIV 5462 -45 -45 980 1 0 0 -9575.18
2021-12-08
12:14 *346 KAFE, KYIV 5812 -185 -185 980 1 0 0 -9530.18
2021-12-08
11:38 *346 KAFE, KYIV 5812 -55 -55 980 1 0 0 -9345.18
2021-12-07
21:12 *346 Produkti, KIYEV 5499 -36.13 -36.13 980 1 0 0 -9290.18
2021-12-07
16:01 *346 SALATEJRA VASYLKIVSKA, KYIV 5814 -177 -177 980 1 0 0 -9254.05
2021-12-07
13:57 *346 McDonald’s 5814 -36 -36 980 1 0 0 -9077.05
2021-12-07
12:42 *346 LIQPAY*Internet-magazi, DN-SK 5411 -439 -439 980 1 0 0 -9041.05
2021-12-07
08:40 *346 McDonald’s 5814 -36 -36 980 1 0 0 -8602.05
2021-12-06
21:51 *346 516936****2444 4829 -104 -100 980 1 4 0 -8566.05
2021-12-06
20:27 *346 KYIVSKYI METROPOLITEN, KYIV 4111 -8 -8 980 1 0 0 -8462.05
2021-12-06
20:14 *346 BarZmist, KIYEV 5814 -450 -450 980 1 0 0 -8454.05
2021-12-06
18:54 *346 516874****8817 4829 -515.84 -496 980 1 19.84 0 -8004.05
2021-12-06
17:10 *346 KYIVSKYI METROPOLITEN, KYIV 4111 -8 -8 980 1 0 0 -7488.21
2021-12-06
14:51 *346 Нова пошта 7399 -273 -273 980 1 0 0 -7480.21
2021-12-06
13:23 *346 SUNRISE*AUTOENTER_GP, KHARKIV 7523 -1028.28 -1028.28 980 1 0 0 -7207.21
2021-12-06
12:46 *346 Пузата хата 5814 -150 -150 980 1 0 0 -6178.93
2021-12-06
12:11 *346 Monserrat, KIYEV 5814 -60 -60 980 1 0 0 -6028.93
2021-12-05
19:13 *346 SHaurma, KIYEV 5814 -55 -55 980 1 0 0 -5968.93
2021-12-05
17:46 *346 LIQPAY*Artdetejling Yu, DN-SK 5533 -630 -630 980 1 0 0 -5913.93
2021-12-05
12:45 *346 Сільпо 5411 -33.98 -33.98 980 1 0 0 -5283.93

=== PAGE 45 ===
АКЦІОНЕРНЕ ТОВАРИСТВО «АКЦЕНТ-БАНК»
вул. Батумська, 11, м. Днiпро, 49074, Україна
телефон: 7776, www.a-bank.com.ua
Міжнародні дзвінки: +38 (056) 722-05-55
від 14.06.2026 08:05 No SAMABWFC10073509345 Сторінка 27 з 33
Дата і час
операції Номер картки Деталі операції МСС
Сума у
валюті карти
(UAH)
Сума у
валюті
операції
Валюта Курс
Сума
комісій
(UAH)
Сума
кешбеку
(UAH)
Залишок після
операціЇ
2021-12-05
10:45 *346 KitKad, KIYEV 5814 -40 -40 980 1 0 0 -5249.95
2021-12-04
19:33 *346 PecherskMal, KIEV 5499 -50 -50 980 1 0 0 -5209.95
2021-12-04
19:27 *346 Kavaman, KIEV 5814 -27 -27 980 1 0 0 -5159.95
2021-12-04
19:03 *346 MIKSMART, KIEV 5499 -65 -65 980 1 0 0 -5132.95
2021-12-04
01:51 *346 RESTORAN Boho, KYIV 5812 -605 -605 980 1 0 0 -5067.95
2021-12-04
01:32 *346 FINEX TRZ_UTILITIES, KYIV 4900 -200 -200 980 1 0 0 -4462.95
2021-12-03
15:56 *346 PARADISE, KYIV 5812 -50 -50 980 1 0 0 -4262.95
2021-12-03
12:20 *346 Нова пошта 7399 -62 -62 980 1 0 0 -4212.95
2021-12-03
12:19 *346 Нова пошта 6538 -1601.6 -1540 980 1 61.6 0 -4150.95
2021-12-03
11:55 *346 PILKI, KYIV 7230 -520 -520 980 1 0 0 -2549.35
2021-12-03
10:35 *346 KAFE, KIEV 5812 -64 -64 980 1 0 0 -2029.35
2021-12-03
10:14 *346 SUNRISE*AUTOENTER_GP, KHARKIV 7523 -1028.28 -1028.28 980 1 0 0 -1965.35
2021-12-02
13:28 *346 Uber 4121 -139.73 -139.73 980 1 0 0 -937.07
2021-12-02
12:02 *346 043-30619, KYYIV 5814 -25 -25 980 1 0 0 -797.34
2021-12-02
09:35 *346 KAVA Z SOBOIu, VINNITSA 5499 -42 -42 980 1 0 0 -772.34
2021-12-01
17:39 *346 LIQPAY*Filiya GIOC AT, DN-SK 4112 -219.02 -219.02 980 1 0 0 -730.34
2021-12-01
16:39 *346 SHtrudelToGo, VINNITSA 5814 -33 -33 980 1 0 0 -511.32
2021-12-01
16:25 *346 Freezor, VINNITSA 7230 -550 -550 980 1 0 0 -478.32
2021-11-01
00:03 -
Списання відсотків за використання кредитного
ліміту 4829 -32.01 -32.01 980 1 0 0 71.68
2021-10-02
22:23 *346 Зі своєї картки 6538 -60.6 -60 980 1 0.6 0 103.69
2021-10-02
21:11 *346 Зі своєї картки 6538 -30.3 -30 980 1 0.3 0 164.29
2021-10-02
18:49 *346 Зарахування переказу на карту 6536 105 105 980 1 0 0 194.59

=== PAGE 46 ===
АКЦІОНЕРНЕ ТОВАРИСТВО «АКЦЕНТ-БАНК»
вул. Батумська, 11, м. Днiпро, 49074, Україна
телефон: 7776, www.a-bank.com.ua
Міжнародні дзвінки: +38 (056) 722-05-55
від 14.06.2026 08:05 No SAMABWFC10073509345 Сторінка 28 з 33
Дата і час
операції Номер картки Деталі операції МСС
Сума у
валюті карти
(UAH)
Сума у
валюті
операції
Валюта Курс
Сума
комісій
(UAH)
Сума
кешбеку
(UAH)
Залишок після
операціЇ
2021-10-02
18:46 *346 Зарахування переказу на карту 6536 100 100 980 1 0 0 89.59
2021-10-02
18:28 *346 Зарахування переказу на карту 6536 100 100 980 1 0 0 -10.41
2021-10-02
18:26 *346 Поповнення карти у терміналі I-Box 6010 3400 3400 980 1 0 0 -110.41
2021-10-02
18:24 *346 Поповнення карти у терміналі I-Box 6010 4600 4600 980 1 0 0 -3510.41
2021-10-02
18:22 *346 Поповнення карти у терміналі I-Box 6010 4800 4800 980 1 0 0 -8110.41
2021-10-02
18:19 *346 Поповнення карти у терміналі I-Box 6010 4800 4800 980 1 0 0 -12910.41
2021-10-02
18:17 *346 Поповнення карти у терміналі I-Box 6010 4800 4800 980 1 0 0 -17710.41
2021-10-02
18:14 *346 Поповнення карти у терміналі I-Box 6010 4900 4900 980 1 0 0 -22510.41
2021-10-02
07:11 *346 Зарахування переказу на карту 6536 731.36 731.36 980 1 0 0 -27410.41
2021-10-01
21:29 *346 Поповнення карти у терміналі I-Box 6010 1500 1500 980 1 0 0 -28141.77
2021-10-01
00:03 -
Списання відсотків за використання кредитного
ліміту 4829 -979.89 -979.89 980 1 0 0 -29641.77
2021-09-27
14:16 *346 Поповнення карти у терміналі I-Box 6010 1000 1000 980 1 0 0 -28661.88
2021-09-01
18:47 *346 Поповнення карти у терміналі I-Box 6010 700 700 980 1 0 0 -29661.88
2021-09-01
00:03 -
Списання відсотків за використання кредитного
ліміту 4829 -1032.92 -1032.92 980 1 0 0 -30361.88
2021-08-26
13:10 *346 Поповнення карти у терміналі I-Box 6010 1600 1600 980 1 0 0 -29328.96
2021-08-01
00:03 -
Списання відсотків за використання кредитного
ліміту 4829 -979.88 -979.88 980 1 0 0 -30928.96
2021-07-25
16:05 *346 SALATEJRA VASYLKIVSKA, KYIV 5814 -167 -167 980 1 0 0 -29949.08
2021-07-25
15:23 *346 WakeUp, KIYEV 5814 -45 -45 980 1 0 0 -29782.08
2021-07-25
08:55 *346 WakeUp, KIYEV 5814 -40 -40 980 1 0 0 -29737.08
2021-07-24
23:04 *346 Lazzathalal, KIEV 5814 -50 -50 980 1 0 0 -29697.08
2021-07-24
11:39 *346 TOV YAROSLAVNA, KYYIV 5814 -48 -48 980 1 0 0 -29647.08
2021-07-24
09:18 *346 WakeUp, KIYEV 5814 -40 -40 980 1 0 0 -29599.08

=== PAGE 47 ===
АКЦІОНЕРНЕ ТОВАРИСТВО «АКЦЕНТ-БАНК»
вул. Батумська, 11, м. Днiпро, 49074, Україна
телефон: 7776, www.a-bank.com.ua
Міжнародні дзвінки: +38 (056) 722-05-55
від 14.06.2026 08:05 No SAMABWFC10073509345 Сторінка 29 з 33
Дата і час
операції Номер картки Деталі операції МСС
Сума у
валюті карти
(UAH)
Сума у
валюті
операції
Валюта Курс
Сума
комісій
(UAH)
Сума
кешбеку
(UAH)
Залишок після
операціЇ
2021-07-23
19:30 *346 TOV YAROSLAVNA, KYYIV 5814 -74 -74 980 1 0 0 -29559.08
2021-07-23
18:30 *346 WakeUp, KIYEV 5814 -45 -45 980 1 0 0 -29485.08
2021-07-23
07:19 *346 WakeUp, KIYEV 5814 -40 -40 980 1 0 0 -29440.08
2021-07-22
19:53 *346 PYTNA VODA, KYYIV 5499 -24 -24 980 1 0 0 -29400.08
2021-07-22
19:34 - Trnzbusiness 8999 -300 -300 980 1 0 0 -29376.08
2021-07-22
16:39 *346 WakeUp, KIYEV 5814 -45 -45 980 1 0 0 -29076.08
2021-07-22
16:38 *346 VEGANUTI, KYYIV 5814 -90 -90 980 1 0 0 -29031.08
2021-07-22
06:58 *346 WakeUp, KIYEV 5814 -40 -40 980 1 0 0 -28941.08
2021-07-21
20:49 *346 BiloruskaTSukernjaMINC, KIYEV 5441 -60 -60 980 1 0 0 -28901.08
2021-07-21
19:21 *346 TOV Osnova Info, KIYEV 5411 -22 -22 980 1 0 0 -28841.08
2021-07-21
16:46 *346 WakeUp, KIYEV 5814 -30 -30 980 1 0 0 -28819.08
2021-07-21
10:28 *346 WakeUp, KIYEV 5814 -40 -40 980 1 0 0 -28789.08
2021-07-20
16:02 *346 Idalnja, KIEV 5814 -66 -66 980 1 0 0 -28749.08
2021-07-20
13:03 - Uklon 4121 -86 -86 980 1 0 0 -28683.08
2021-07-20
13:03 - Скасування. Uklon 4121 1 1 980 1 0 0 -28597.08
2021-07-20
13:03 - Uklon 4121 -1 -1 980 1 0 0 -28598.08
2021-07-20
13:00 *346 Uber 4121 -25 -25 980 1 0 0 -28597.08
2021-07-20
12:42 *346 KPMiskijmagazin, KIEV 5499 -20 -20 980 1 0 0 -28572.08
2021-07-20
12:36 *346 KPMiskijmagazin, KIEV 5499 -39 -39 980 1 0 0 -28552.08
2021-07-20
12:10 *346 COFFEELAT, KIEV 5814 -47 -47 980 1 0 0 -28513.08
2021-07-20
08:42 *346 WFP*YAKABOO.UA_, ZAPORIZHZHIA 5942 -147 -147 980 1 0 0 -28466.08
2021-07-19
17:57 *346 Фора 5499 -451.57 -451.57 980 1 0 0 -28319.08

=== PAGE 48 ===
АКЦІОНЕРНЕ ТОВАРИСТВО «АКЦЕНТ-БАНК»
вул. Батумська, 11, м. Днiпро, 49074, Україна
телефон: 7776, www.a-bank.com.ua
Міжнародні дзвінки: +38 (056) 722-05-55
від 14.06.2026 08:05 No SAMABWFC10073509345 Сторінка 30 з 33
Дата і час
операції Номер картки Деталі операції МСС
Сума у
валюті карти
(UAH)
Сума у
валюті
операції
Валюта Курс
Сума
комісій
(UAH)
Сума
кешбеку
(UAH)
Залишок після
операціЇ
2021-07-18
21:21 *346 ParkPeremoga, KIEV 5499 -63 -63 980 1 0 0 -27867.51
2021-07-18
14:16 *346 Produkti, KIYEV 5499 -46 -46 980 1 0 0 -27804.51
2021-07-18
09:44 *346 Фора 5499 -34.98 -34.98 980 1 0 0 -27758.51
2021-07-17
18:59 *346 Фора 5499 -35.99 -35.99 980 1 0 0 -27723.53
2021-07-16
16:01 *346 Uklon 4121 -405 -405 980 1 0 0 -27687.54
2021-07-01
18:44 *346 Поповнення карти у терміналі I-Box 6010 2000 2000 980 1 0 0 -27282.54
2021-07-01
00:03 -
Списання відсотків за використання кредитного
ліміту 4829 -897.91 -897.91 980 1 0 0 -29282.54
2021-06-28
07:30 *346 АТБ 5411 -51.1 -51.1 980 1 0 0 -28384.63
2021-06-27
18:05 *346 Сільпо 5411 -99.7 -99.7 980 1 0 0 -28333.53
2021-06-26
18:44 *346 SHOP ARMANI JEANS, KYIV 5651 -1328 -1328 980 1 0 0 -28233.83
2021-06-24
21:13 *346 Поповнення карти у терміналі I-Box 6010 1500 1500 980 1 0 0 -26905.83
2021-06-14
20:43 *346 UAPAY, KYIV 9399 -702.44 -702.44 980 1 0 0 -28405.83
2021-06-11
17:23 *346 SUNRISE*AUTOENTER_GP, KHARKIV 7523 -1850.91 -1850.91 980 1 0 0 -27703.39
2021-06-01
00:03 -
Списання відсотків за використання кредитного
ліміту 4829 -758.47 -758.47 980 1 0 0 -25852.48
2021-05-31
16:05 *346
Щомісячний платіж за кредитним договором
"Розстрочка миттєва" №ABH0CU30122142560
від 2020-12-01
4829 -3334.44 -3334.44 980 1 0 0 -25094.01
2021-05-01
18:38 *346 Поповнення карти у терміналі I-Box 6010 3000 3000 980 1 0 0 -21759.57
2021-05-01
00:03 -
Списання відсотків за використання кредитного
ліміту 4829 -1082.63 -1082.63 980 1 0 0 -24759.57
2021-04-28
10:50 *346
Щомісячний платіж за кредитним договором
"Розстрочка миттєва" №ABH0CU30122142560
від 2020-12-01
5999 -3334.44 -3334.44 980 1 0 0 -23676.94
2021-04-27
12:22 *346 Поповнення карти у терміналі I-Box 6010 4500 4500 980 1 0 0 -20342.5
2021-04-27
12:17 *346 Поповнення карти у терміналі I-Box 6010 4500 4500 980 1 0 0 -24842.5
2021-04-27
12:05 *346 Поповнення карти у терміналі I-Box 6010 4999 4999 980 1 0 0 -29342.5
2021-04-01
00:03 -
Списання відсотків за використання кредитного
ліміту 4829 -1055.15 -1055.15 980 1 0 0 -34341.5

=== PAGE 49 ===
АКЦІОНЕРНЕ ТОВАРИСТВО «АКЦЕНТ-БАНК»
вул. Батумська, 11, м. Днiпро, 49074, Україна
телефон: 7776, www.a-bank.com.ua
Міжнародні дзвінки: +38 (056) 722-05-55
від 14.06.2026 08:05 No SAMABWFC10073509345 Сторінка 31 з 33
Дата і час
операції Номер картки Деталі операції МСС
Сума у
валюті карти
(UAH)
Сума у
валюті
операції
Валюта Курс
Сума
комісій
(UAH)
Сума
кешбеку
(UAH)
Залишок після
операціЇ
2021-03-28
09:21 *346
Щомісячний платіж за кредитним договором
"Розстрочка миттєва" №ABH0CU30122142560
від 2020-12-01
5999 -3334.44 -3334.44 980 1 0 0 -33286.35
2021-03-01
18:18 *346 Поповнення карти у терміналі I-Box 6010 4200 4200 980 1 0 0 -29951.91
2021-03-01
00:03 -
Списання відсотків за використання кредитного
ліміту 4829 -805 -805 980 1 0 0 -34151.91
2021-02-28
10:38 *346
Щомісячний платіж за кредитним договором
"Розстрочка миттєва" №ABH0CU30122142560
від 2020-12-01
5999 -3334.44 -3334.44 980 1 0 0 -33346.91
2021-02-12
10:47 *346 53*8672 4829 -312 -300 980 1 12 0 -30012.47
2021-02-12
10:44 *346 lifecell, VINNITSA 4812 -13000 -13000 980 1 0 0 -29700.47
2021-02-02
21:56 *346 Зарахування переказу на карту 6536 14000 14000 980 1 0 0 -16700.47
2021-02-01
00:03 -
Списання відсотків за використання кредитного
ліміту 4829 -1958.17 -1958.17 980 1 0 0 -30700.47
2021-01-28
09:03 *346
Щомісячний платіж за кредитним договором
"Розстрочка миттєва" №ABH0CU30122142560
від 2020-12-01
5999 -3334.44 -3334.44 980 1 0 0 -28742.3
2021-01-24
13:22 *346 Зарахування переказу на карту 6536 1200 1200 980 1 0 0 -25407.86
2021-01-23
15:13 *346 Зарахування переказу на карту 6536 3412.85 3412.85 980 1 0 0 -26607.86
2020-12-28
18:44 *346 Зарахування переказу на карту 6536 60 60 980 1 0 0 -30020.71
2020-12-28
13:39 *346 Зарахування переказу на карту 6536 2985 2985 980 1 0 0 -30080.71
2020-12-28
09:01 *346
Щомісячний платіж за кредитним договором
"Розстрочка миттєва" №ABH0CU30122142560
від 2020-12-01
5999 -3334.44 -3334.44 980 1 0 0 -33065.71
2020-12-28
02:52 *346 MOYCAR, KIEV 7542 -30 -30 980 1 0 0 -29731.27
2020-12-28
02:21 *346 Сільпо 5411 -42.78 -42.78 980 1 0 0 -29701.27
2020-12-27
16:33 *346 KapheGreen13, KIEV 5814 -65 -65 980 1 0 0.65 -29658.49
2020-12-24
21:16 *346 Сільпо 5411 -24.38 -24.38 980 1 0 0 -29593.49
2020-12-24
13:08 *346 Нова пошта 7399 -76 -76 980 1 0 0 -29569.11
2020-12-24
12:47 *346 CHai69, KIYEV 5099 -84.93 -84.93 980 1 0 0 -29493.11
2020-12-24
12:45 *346 CHai69, KIYEV 5099 -327.75 -327.75 980 1 0 0 -29408.18

=== PAGE 50 ===
АКЦІОНЕРНЕ ТОВАРИСТВО «АКЦЕНТ-БАНК»
вул. Батумська, 11, м. Днiпро, 49074, Україна
телефон: 7776, www.a-bank.com.ua
Міжнародні дзвінки: +38 (056) 722-05-55
від 14.06.2026 08:05 No SAMABWFC10073509345 Сторінка 32 з 33
Дата і час
операції Номер картки Деталі операції МСС
Сума у
валюті карти
(UAH)
Сума у
валюті
операції
Валюта Курс
Сума
комісій
(UAH)
Сума
кешбеку
(UAH)
Залишок після
операціЇ
2020-12-23
19:16 *346 3000738, KIEV 5411 -47.87 -47.87 980 1 0 0 -29080.43
2020-12-23
13:13 *346 BORSCH KAFE, BORYSPIL 5814 -56 -56 980 1 0 0.56 -29032.56
2020-12-23
10:16 *346 parkomat, GORA 7523 -30 -30 980 1 0 0 -28976.56
2020-12-19
09:42 *346 BiloruskaTSukernjaMINC, KIYEV 5441 -74.5 -74.5 980 1 0 0 -28946.56
2020-12-18
20:15 *346 WakeUp, KIYEV 5814 -19 -19 980 1 0 0.19 -28872.06
2020-12-18
20:09 *346 BILLA BESSARABSKA, KYIV 5411 -50.57 -50.57 980 1 0 0 -28853.06
2020-12-18
14:07 *346 51*7258 4829 -367.12 -353 980 1 14.12 0 -28802.49
2020-12-17
15:53 *346 VARUS 5411 -324.71 -324.71 980 1 0 0 -28435.37
2020-12-12
05:41 *346 51*1486 4829 -3640 -3500 980 1 140 0 -28110.66
2020-12-03
09:25 *346 VINNYTSYACARTSERVISE, VINNYTSYA 4111 -4 -4 980 1 0 0.04 -24470.66
2020-12-02
09:27 *346 53*7143 4829 -5200 -5000 980 1 200 0 -24466.66
2020-12-01
23:06 *346 VINNYTSYACARTSERVISE, VINNYTSYA 4111 -4 -4 980 1 0 0.04 -19266.66
2020-12-01
22:03 *346 TTS EPITSENTR2VINNYTS, VINNYTSYA 5211 -425.16 -425.16 980 1 0 0 -19262.66
2020-12-01
21:51 *346 TTS EPITSENTR2VINNYTS, VINNYTSYA 5211 -52.38 -52.38 980 1 0 0 -18837.5
2020-12-01
14:20 *346 47*6703 4829 -5200 -5000 980 1 200 0 -18785.12
2020-12-01
12:13 - Abnk 4829 16386 16386 980 1 0 0 -13585.12
2020-12-01
09:29 *346 47*6703 4829 -13520 -13000 980 1 520 0 -29971.12
2020-11-27
20:07 *346 VINNYTSYACARTSERVISE, VINNYTSYA 4111 -4 -4 980 1 0 0 -16451.12
2020-11-27
19:37 *346 VINNYTSYACARTSERVISE, VINNYTSYA 4111 -4 -4 980 1 0 0 -16447.12
2020-11-27
15:15 *346 VINNYTSYACARTSERVISE, VINNYTSYA 4111 -4 -4 980 1 0 0 -16443.12
2020-11-26
19:24 *346 VINNYTSYACARTSERVISE, VINNYTSYA 4111 -4 -4 980 1 0 0 -16439.12
2020-11-26
08:27 *346 VINNYTSYACARTSERVISE, VINNYTSYA 4111 -4 -4 980 1 0 0 -16435.12

=== PAGE 51 ===
АКЦІОНЕРНЕ ТОВАРИСТВО «АКЦЕНТ-БАНК»
вул. Батумська, 11, м. Днiпро, 49074, Україна
телефон: 7776, www.a-bank.com.ua
Міжнародні дзвінки: +38 (056) 722-05-55
від 14.06.2026 08:05 No SAMABWFC10073509345 Сторінка 33 з 33
Дата і час
операції Номер картки Деталі операції МСС
Сума у
валюті карти
(UAH)
Сума у
валюті
операції
Валюта Курс
Сума
комісій
(UAH)
Сума
кешбеку
(UAH)
Залишок після
операціЇ
2020-11-24
20:41 *346 VINNYTSYACARTSERVISE, VINNYTSYA 4111 -4 -4 980 1 0 0 -16431.12
2020-11-18
16:47 *346 FOP TRYBUC SA, m. Vinnytsia 5198 -16386 -16386 980 1 0 0 -16427.12
ПІДПИС БАНКУ
Голова правління
АТ "А-БАНК" Кандауров Ю.В

=== PAGE 52 ===


=== PAGE 53 ===
ДОВІДКА ЗА ЛІМІТАМИ
Клієнт ПОДОЛЬСЬКИЙ АНДРIЙ ЮРIЙОВИЧ, РНОКПП 3138306873, кредитний договір б/н
(внутрішньобанківський референс SAMABWFC10073509345) від 18.11.2020 року за період з
18.11.2020 року по 14.06.2026 року.
№ Дата та час Розмір Валюта Вид операції Iніціатор
1 18.11.2020
15:36:12
30000.00 UAH встановлення CLIENT
2 18.11.2020
15:38:02
30000.00 UAH збільшення BANK
3 09.05.2023
20:41:17
5000.00 UAH збільшення BANK
4 18.07.2023
11:16:34
38000.00 UAH збільшення BANK
5 18.07.2023
11:16:35
38000.00 UAH збільшення CLIENT
6 10.08.2023
12:10:40
63000.00 UAH збільшення BANK
7 23.09.2023
15:54:25
65000.00 UAH збільшення BANK
8 23.09.2023
15:54:26
65000.00 UAH збільшення CLIENT
9 23.09.2023
15:54:26
131500 UAH збільшення CLIENT
 Голова правління
 АТ 'А-БАНК' ____________________ Кандауров Ю.В.

=== PAGE 54 ===


=== PAGE 55 ===
ДОВІДКА ЗА КАРТАМИ
 Повідомляємо, що гр. ПОДОЛЬСЬКИЙ АНДРIЙ ЮРIЙОВИЧ (IПН 3138306873) відкрито рахунок №
26207611972379 та видано наступні картки:
- № 5375235108299346, строком дії до квітня місяця 2027 року. 
- № 4400005553501799, строком дії до грудня місяця 2031 року. 
 Голова правління
 АТ 'А-БАНК' ____________________ Кандауров Ю.В.

=== PAGE 56 ===


=== PAGE 57 ===
Відповідь № 36427401
про відсутність зареєстрованого Електронного кабінету ЄСІТС
Фізична особа:
РНОКПП: 3138306873
не має зареєстрованого Електронного кабінету в підсистемі Електронний суд ЄСІТС.
Сформовано засобами підсистеми ЄСІТС «Електронний суд»
14.06.2026, 08:07:18 за запитом:
АТ "АКЦЕНТ-БАНК".

=== PAGE 58 ===


=== PAGE 59 ===
ВИТЯГ
з Умов та правил надання банківських послуг у АТ «АКЦЕНТ-БАНК»
розміщеного на сайті https://a-bank.com.ua/terms в розділі «Умови та правила»
1.1.3.2.ПРАВА БАНКУ:
1.1.3.2.1. Призупинити дію Карт, а також відмовити в продовженні терміну дії Карт при
здійсненні операцій, що суперечать інтересам Клієнта або Банку, з використанням Карт
або нанесеної на них інформації. Зупинення фінансових операцій на вищевказаних
підставах, а також в інших випадках передбачених Умовами та правилами відповідно до
законодавства не є підставою для виникнення цивільно правової відповідальності банку та
його посадових осіб за порушення умов відповідних правочинів.
1.1.3.2.2. У разі порушення Власником або Довіреною особою вимог чинного законодавства
України та/або умов цього Договору та/або у разі виникнення Овердрафта Банк має право
призупинити здійснення розрахунків по Картці (заблокувати Картку) та/або визнати Картку
недійсною до моменту усунення зазначених порушень, а також вимагати дострокове
виконання боргових зобов'язань у цілому або у визначеній Банком частці у разі
невиконання Власником та/або Довіреною особою Власника своїх боргових зобов'язань та
інших зобов'язань за цим Договором.
1.1.3.2.3. Здійснювати зміну Тарифів, а також інших умов обслуговування рахунків. При
цьому Банк, за винятком випадків зміни розміру наданого Кредиту (кредитного ліміту),
зобов'язаний не менш ніж за 7 днів до введення змін проінформувати Клієнта, зокрема у
виписці по Картрахунку згідно з п. 4.9 цього Договору. Якщо протягом 7 днів Банк не
одержав повідомлення від Клієнта про незгоду зі змінами, то вважається, що Клієнт
приймає нові умови. Право зміни розміру наданого на платіжну картку Кредиту (кредитного
ліміту) Банк залишає за собою в однобічному порядку, за власним рішенням Банку та без
попереднього повідомлення Клієнта. .
1.1.3.2.4. Округлити в більшу сторону до 10 гривень розмір поточного і простроченого
платежів по кредитах, які оформлені в національній валюті, і до 1 USD/EUR по кредитах,
оформлених в іноземній валюті, з доведенням проведеного округлення до відома Клієнта.
Різниця, на яку відбувається округлення, направляється в рахунок погашення заборгованості
Клієнта за кредитом.
1.1.3.2.5. Клієнт відповідно до Закону України «Про організацію формування та обіг
кредитних історій» дає згоду на передачу й отримання Банком від/у бюро кредитних
історій інформації про себе, а саме доступ до своєї кредитної історії, як для укладання
договору про надання банківських послуг, так і на період його дії, факт згоди Клієнта
підтверджується підписанням Заяви.
1.1.3.2.6. Будь яким чином доводити до відома третіх осіб інформацію про заборгованість
Позичальника за цим Договором, а також про наявність (відсутність) і стан майна,
переданого у забезпечення виконання зобов'язань, у разі порушення Позичальником
будь якого з зобов'язань за цим Договором, а у разі виїзду Позичальника за межі території
України – з моменту підписання сторонами цього Договору.
1.1.3.2.7. У разі смерті Клієнта фізичної особи після одержання відповідних відомостей
(копія свідоцтва про смерть), з метою виключення використання карток/рахунків третіми
особами, заборгованість за кредитами померлого клієнта Банк обліковує на спеціальних
внутрішніх рахунках і здійснює інформування спадкоємців і нотаріуса про заборгованість
клієнта.
1.1.3.2.8. Банк має право прийняти запропоновані Клієнтом зміни до цих Умов і Правил.
1.1.3.2.9. Банк має право для різних цілей (повідомлення про зміну тарифів, активація
додаткових послуг, актуалізація контактних даних, зміна Умов та Правил надання
банківських послуг, інформування про розмір заборгованості по кредиту, інформування про
проведених банком акціях, дистанційне обслуговування і т.д.) встановити контакт з

=== PAGE 60 ===
Клієнтом, використовуючи будь які зазначені канали зв'язку: відправлення SMS
повідомлень на мобільний телефон Клієнта; відправлення повідомлення за допомогою
мобільного додатку "Viber" (з номера +38067523137, у випадку встановлення мобільногоViber"Viber" (з номера +38067523137, у випадку встановлення мобільного (з номера +38067523137, у випадку встановлення мобільного
додатку "Viber" (з номера +38067523137, у випадку встановлення мобільногоViber"Viber" (з номера +38067523137, у випадку встановлення мобільного для телефону, номер якого передавався Клієнтом Банку при його
индентификации і статусу "Viber" (з номера +38067523137, у випадку встановлення мобільногоon line"Viber" (з номера +38067523137, у випадку встановлення мобільного в мобільному додатку "Viber" (з номера +38067523137, у випадку встановлення мобільногоViber"Viber" (з номера +38067523137, у випадку встановлення мобільного), авторизація за
допомогою мобільного телефону і OTP пароля: поштовий лист; телеграма; повідомлення
по електронній пошті; повідомлення в банкоматах і терміналах самообслуговування; друк
інформації на чеках в POS терміналах ; інші засоби комунікації. При цьому, в даних
Умовах та правилах умови комунікації Банку з Клієнтом за допомогою SMS повідомлень,
SMS паролів, SMS підтверджень означають, в тому числі використання повідомлень у
додатку "Viber" (з номера +38067523137, у випадку встановлення мобільногоViber"Viber" (з номера +38067523137, у випадку встановлення мобільного. Механізм отримання згоди від Клієнта шляхом авторизації за допомогою
мобільного телефону і OTP пароля наступний:
Банк генерує OTP пароль і відправляє його Клієнту в тілі SMS сообщенія/сообщенія
мобільного додатку "Viber" (з номера +38067523137, у випадку встановлення мобільногоViber"Viber" (з номера +38067523137, у випадку встановлення мобільного c зазначенням інформації, яка буде ним підтверджуватися . Для
підтвердження згоди , Клієнт передає отриманий OTP пароль у відповідному
sms сообщеніі/сообщеніі мобільного додатку "Viber" (з номера +38067523137, у випадку встановлення мобільногоViber"Viber" (з номера +38067523137, у випадку встановлення мобільного або шляхом введення цього пароля у
відповідному рядку використовуваного сервісу. У разі збігу пароля з відправленим Клієнту,
банк перевіряє номер мобільного телефону Клієнта, а саме: чи зареєстрований він в системі
Приват24 і / або MobileBanking. У разі, якщо номер мобільного телефону зареєстрований і
збігається з номером телефону клієнта, вважається, що Клієнт прийняв умови публічного
договору, розміщеного у відповідному розділі цих Умов і правил, згідно якого клієнту
надаватимуться витребувані ним послуги. Сторони визнають співпав ОТР пароль
електронним підписом клієнта. При здійсненні платіжних операцій в системах дистанційного
обслуговування банкомат, термінал самообслуговування, на сайті http://www.privat24.ua,
виконання в програмних комплексах маніпуляцій, спрямованих на успішне завершення
платежу, прирівнюється до електронного підпису клієнта.
Згода клієнта може бути підтверджено, крім іншого: Документом на паперовому носії з
реквізитами, що дозволяють ідентифікувати цей документ і фізична особа, в тому числі згода
( нкета заява) суб'єкта персональних даних на приєднання до Умов та Правил надання
банківських послуг. Здійсненням клієнтом банківських операцій отриманням банківських
послуг яке супроводжується оформленням касових документів Відміткою на електронній
сторінці документа або в електронному файлі що обробляється в інформаційній системі на
основі документованих програмно технічних рішень.
1.3.2.10. Надавати письмові відповіді Клієнтам тільки за зверненнями, відправленими на
офіційну юридичну адресу ПАТ “А Банку: 49074, м. Дніпропетровськ, вул. Батумська,11.
Кредитні картки
2.1.1.2 Умови обслуговування
2.1.1.1. Загальні положення.
Ці Умови використання кредитних карт ПАТ КБ ПриватБанку (далі Умови використання
карт), Пам'ятка Клієнта, Тарифи на випуск та обслуговування кредитних карт (Тарифи), а так
само Заява про приєднання до Умов та Правил надання банківських послуг в ПриватБанку
(далі Заява) , встановлюють правила випуску, обслуговування і використання кредитних
карток Банку (далі Карт).
Ці Умови регулюють відносини між Банком та Клієнтом з випуску та обслуговування карт.
Банк випускає Клієнту Картку на підставі Заяви, належним чином заповненого та
підписаного Клієнтом. Відкриття картки і відкриття Рахунки Карти здійснюється у разі
ухвалення Банком позитивного рішення про можливість випуску Клієнту Карти. Клієнт
зобов'язується виконувати правила випуску, обслуговування та використання Карт Банку та
при наявності додаткових карт забезпечити виконання правил Власниками додаткових карт.
2.1.1.2.1.Для надання послуг Банк видає Клієнту Картку, її вид визначений у Пам'ятці клієнта

=== PAGE 61 ===
і Заяві, підписанням якої Клієнт і Банк укладають Договір про надання банківських послуг.
Датою укладання Договору є дата одержання Картки, зазначена у Заяві.
2.1.1.2.1. Для надання послуг Банк видає Клієнту Картку. Її тип визначено в Договорі.
Договір - укладений між Банком та Клієнтом договір про відкриття рахунку, випуск і
обслуговування Платіжної картки з можливістю встановлення ліміту кредитування, що
складається з Умов та Правил надання банківських послуг в А-Банку, Анкети-заяви про
приєднання до Умов та Правил надання банківських послуг в А-Банку, Паспорт споживчого
кредиту за програмою "Viber" (з номера +38067523137, у випадку встановлення мобільногоКредитна картка"Viber" (з номера +38067523137, у випадку встановлення мобільного, Заяви про відкриття поточного рахунку та Тарифів.
Датою укладення Договору є дата отримання Картки, зазначена в Заяві. Договір укладається
терміном на двадцять років. Якщо за місяць до закінчення терміну дії Договору жодна зі
сторін письмово не відмовилася від Договору, він продовжується на такий же термін. При
відсутності відмови Клієнта від Договору, Банк має право самостійно на підставі аналізу
платіжної і кредитної історії прийняти рішення про можливість продовження терміну дії
договору. Про це клієнт повідомляється каналами комунікаційного зв'язку.2.1.1.2.2.Картка є
власністю Банку і видається у тимчасове користування. 2.1.1.2.2. Після одержання Банком від
Клієнта необхідних документів, а також Заяви Банк виконує перевірку наданих документів і
приймає рішення щодо можливості встановлення кредитного ліміту на кредитну картку.
Клієнт дає свою згоду на те, що кредитний ліміт встановлюється за рішенням Банку, і Клієнт
надає право Банку у будь-який момент змінити (зменшити, збільшити або анулювати)
кредитний ліміт.
2.1.1.2.3. Підписання цього Договору є прямою і безумовною згодою Клієнта щодо
прийняття будь-якого розміру Кредитного ліміту, встановленого Банком.
2.1.1.2.4. Банк має право відмовити Клієнту без пояснення причин у видачі або перевипуску
Картки у разі надання ним у Заяві невірної інформації, нестійкого фінансового стану або
наявності інших даних, що свідчать про неможливість видачі (перевипуску) Картки цій особі.
2.1.1.2.2. Картка може бути використана Держателем для оплати товарів і послуг, отримання
внесення готівкових коштів у банківських установах і через банкомати, для здійснення інших
банківських операцій, передбачених Договором. З використанням Картки Клієнт отримує
можливість здійснювати операції через віддалені канали обслуговування (Додаток 4).
2.1.1.2.6. Порядок здійснення Платіжних операцій з використанням Картки, а також порядок
отримання Кредиту регулюється чинним законодавством України, нормами Міжнародних
платіжних систем Visa International, MasterCard International, цим Договором і Тарифами
Банку.
2.1.1.2.7. Банк залишає за собою право у будь-який момент на власний розсуд змінювати
набір операцій, послуг і функцій, що виконуються з використанням Картки. Здійснення
операцій з використанням Картки через пристрої самообслуговування Банку, передбачені
Договором, може бути обмежене у банкоматах інших банків..
2.1.1.2.8. Клієнт може отримати додаткову картку на своє ім'я, а також надати доступ до
картрахунку Довіреним особам. У разі надання Клієнтом до Банку відповідної Заяви і
Пам'ятки клієнта, а також необхідного пакету документів Банк приймає рішення щодо
відкриття Клієнту або Довіреним особам додаткової картки. Отримати у співробітника Банку
або у Партнера Банку Co-brand картку як додаткову до основного рахунку. При зверненні до
співробітника Банку здійснити прив'язку додаткової картки до основного рахунку.
Використання платіжних карток Клієнтом або його довіреними особами здійснюється
відповідно до цього Договору.
2.1.1.2.9. Клієнт несе повну відповідальність за несанкціоноване отримання грошових коштів
з рахунку третіми особами, в разі якщо його дії або бездіяльність призвели до втрати
електронного платіжного засобу, розголошенню ПІНа або іншої інформації, яка дає
можливість ініціювати платіжну операцію.
2.1.1.2.10. При отриманні Картки Держатель зобов'язаний підписати Картку у спеціально
відведеному на картці місці. Відсутність або невідповідність підпису на Картці підпису, що

=== PAGE 62 ===
ставить Держатель на документі по операціях з використанням Картки, може бути підставою
для відмови у проведенні операції з використанням Картки і вилучення такої Картки з обігу.
2.1.1.2.11. Картка діє до останнього дня місяця, зазначеного на лицьовому чи на зворотньому
боці Картки, включно. Забороняється використання Картки (її реквізитів) із закінченим
терміном дії. Банк не несе відповідальність за несвоєчасне отримання Держателем Картки,
випущеної на новий термін дії.
2.1.1.2.12. Після закінчення терміну дії відповідна картка продовжується Банком на новий
термін (шляхом надання Клієнту картки з новим терміном дії) на основі зверненням Клієнта
в Банк, згідно з чинними тарифами. Перевипуск картки на новий термін здійснюється у разі
дотримання Клієнтом умов обслуговування картки, передбачених Договором.
2.1.1.2.13. Для перевипуску картки до закінчення її терміну дії Клієнт повинен звернутися у
відділення Банку.
2.1.1.2.14. Замовлені Клієнтом Картки, у тому числі продовжені на новий термін дії, але не
отримані, зберігаються у Банку для видачі Клієнту небільше 6-ти місяців, після чого можуть
бути знищені у встановленому Міжнародними платіжними системами порядку.
2.1.1.2.15. При порушенні Клієнтом строків платежів за будь-яким з грошових зобов'язань,
передбачених цим Договором, більше ніж на 30 днів Клієнт зобов'язаний сплатити Банку
штраф у відповідності до встановлених тарифів з урахуванням нарахованих та прострочених
відсотків і комісій. Штраф враховується на окремому рахунку і підлягає сплаті згідно пункту
2.1.1.4.9. цих правил.
2.1.1.3. Обов'язки Банку
2.1.1.3.1. Дотримуватись банківської таємниці по операціях Клієнта відповідно до вимог
чинного законодавства.
2.1.1.3.2. Обслуговувати Картрахунок у порядку і на умовах, передбачених цим Договором,
правилами Міжнародних платіжних систем, за якими обслуговуються
Картки, чинним законодавством.
2.1.1.3.3. Клієнт доручає Банку списувати з Картрахунку суми коштів у розмірі здійснених
Клієнтом або його довіреними особами операцій відповідно до правил Міжнародних
платіжних систем, а також вартість послуг, визначену Тарифами Банку при настанні термінів
платежу.
2.1.1.3.4. Зобов'язання Банку з надання кредитного ліміту відповідно до Заяви виникають з
моменту надання платіжною системою операції до списання з відповідногоКартрахунку в
рахунок кредитного ліміту.
2.1.1.3.5. Клієнт доручає Банку здійснювати списання коштів з рахунків Клієнта, відкритих у
валюті кредитного ліміту, у межах сум, що підлягають сплаті Банку за цим Договором, при
настанні термінів платежів, а також списання коштів з Картрахунку у разі настання термінів
платежів по інших договорах Клієнта у розмірах, визначених цими договорами (договірне
списання), у межах Платіжного ліміту Картрахунку. Банк здійснює списання коштів у
грошовій одиниці України/іноземній валюті з будь якого рахунку Клієнта у розмірі,
еквівалентному сумі заборгованості в іноземній валюті/національній валюті України за
договором, і покупку/продаж іноземної валюти на Міжбанківському Валютному Ринку
України. Списання коштів з будь якого рахунку Клієнта, відкритого Банком, оформлюється
меморіальним ордером.
2.1.1.3.6. У разі виникнення Овердрафта або одержання усного або письмового повідомлення
Власника або Довіреної особи, переданого у порядку, передбаченому Правилами, про втрату
крадіжку Картки або про можливість несанкціонованого використання Картки третіми
особами забезпечити призупинення розрахунків з використанням Картки.
2.1.1.3.7. На вимогу споживача, але не частіше одного разу на місяць, безоплатно надавати
Держателю виписки про стан Картрахунків і про зроблені за минулий місяць операції по
Картрахункам. У разі підключення Держателя до системи INTERNET-banking (Abank24)

=== PAGE 63 ===
надання виписок здійснюється через цей комплекс. У разі підключення Клієнта до комплексу
Mobile-banking Банк надає можливість доступу до інформації про стан рахунку шляхом
використання функції SMS-повідомлень. Також Держатель може отримати виписку у
Співробітника Банку.
2.1.1.3.8. Клієнт, який порушив виконання більше одного кредитного зобов'язання перед
Банком, у тому числі Клієнт, який поручився за виконання грошового зобов'язання іншого
клієнта перед Банком, виконання грошових зобов'язань яким Банку були порушені, доручає
приймати і розподіляти кошти для погашення простроченої кредитної заборгованості у
черговості, визначеній самостійно Банком, з пріоритетом погашення беззаставних кредитних
зобов'язань, для чого Клієнт доручає сформувати і подати на підпис необхідні касові
документи.
2.1.1.4. Права Банку:
2.1.1.4.1. Призупинити дію Карток, а також відмовити у продовженні терміну дії Карток у
разі здійснення операцій, що суперечать інтересам Клієнта або Банка, з використанням
Карток або нанесеної на них інформації.
2.1.1.4.2. У разі порушення Держателем або Довіреною особою вимог чинного законодавства
України та/або умов цього Договору та/або у разі виникнення Овердрафта чи перевитрати
платіжного ліміту Банк має право призупинити здійснення розрахунків по Картці
(заблокувати Картку на видаткові операції) та/ або визнати Картку недійсною до моменту
усунення зазначених порушень, а також вимагати дострокове виконання боргових зобов'язань
у цілому або у визначеній Банком частці у разі невиконання Держателем та/або Довіреною
особою Держателя своїх боргових зобов'язань та інших зобов'язань за цим Договором.
2.1.1.4.3. Клієнт згідно Закону України «Про організацію формування та обігу кредитних
історій» дає згоду на передачу та отримання Банком від / в бюро кредитних історій
інформації про себе, а саме доступ до своєї кредитної історії, як для укладання договору про
надання банківських послуг, так і на період його дії, факт згоди Клієнта підтверджується
підписанням Заяви. Долучення
2.1.1.4.4. Банк має право припинити договір в односторонньому порядку.
2.1.1.4.4.1. В разі наявності в Банку інформації про смерть Клієнта, за умови залишку грошей
на рахунку та відсутності у Банку інформації про осіб, що є правонаступниками Клієнта Банк
розриває договір про обслуговування рахунку. При цьому Банк закриває рахунок Клієнта,
гроші перераховує на рахунок 2903.
2.1.1.4.5. У разі відсутності витрат за карткою протягом 365 днів, Банк має право припинити
договір в односторонньому порядку.
2.1.1.4.6. З урахуванням особливостей програмного забезпечення Банку, при продовженні
терміну договору або зміни тарифного плану за договором, Банк має право змінити номера
рахунку і договору без укладання додаткових угод до даного договору. При цьому новий
номер рахунка відображається у виписці по карті.
2.1.1.4.7. Кошти, отримані від Позичальника для погашення заборгованості за Кредитом, при
реалізації Банком права на стягнення неустойки, насамперед, направляються для погашення
овердрафту, прострочених відсотків по кредиту, далі - простроченого тіла кредиту, далі -
відсотків до сплати по кредиту, далі - тіла кредиту до оплати, штрафів згідно розділів
2.1.1.7.6, 2.1.1.12.8 цих Умов. Погашення заборгованості описано детальніше в пункті
2.1.7.10 цих Умов та Правил. Остаточне погашення заборгованості за Кредитом виконується
не пізніше дати, зазначеної в Заяві, Умовах та правилах. При цьому, Сторони погодили, що
додаткові вимоги до Позичальника, щодо реалізації Банком свого права по стягненню
неустойки, не потрібні. У випадку, якщо Банк не реалізує своє право щодо стягнення
неустойки згідно з розділом Відповідальність Сторін цих Умов, Банк за своїм вибором
телекомунікаційного способу доставки інформації, погодженими Сторонами способами
телекомунікацій, повідомляє Позичальника про таке, протягом 5 днів з дати отримання

=== PAGE 64 ===
грошей від Позичальника. Узгодженими Сторонами способами телекомунікацій є: Інтернет￾банк АБанк24, у тому числі мобільний додаток «АБанк24», SMS-повідомлення, термінали.
2.1.1.5. Обов'язки Клієнта :
2.1.1.5.1. Не передавати Картки, ПІНи третім особам, не використовувати Картки або
нанесені на них дані для цілей, що не передбачені цим Договором або суперечать чинному
законодавству. Протягом 10 днів після закінчення терміну дії Картки повернути для ліквідації
Картку, а також картки, випущені Довіреним особам Клієнта, крім втрачених/украдених і
віртуальних карток.
2.1.1.5.2. Не використовувати Картрахунки для операцій, пов'язаних з підприємницькою
діяльністю.
2.1.1.5.3. Одержувати виписки про стан Картрахунків і про зроблені операції по
Картрахункам.
2.1.1.5.4. У разі незгоди зі змінами Правил та/або тарифів Банку звернутися в Банк для
розірвання цього Договору та погасити заборгованість, що виникла перед Банком, у тому
числі й заборгованість, що виникла протягом 30 днів з моменту повернення карток, виданих
Власнику і його Довіреним особам. У разі незгоди зі списанням коштів з картрахунку
інформувати (у разі якщо вирішення питання передбачає розгляд письмової заяви) Банк про
це протягом 35 днів з моменту списання.
2.1.1.5.5. Погашати заборгованість за Кредитом, відсотками за його використання, за
перевитрату платіжного ліміту, а також оплачувати комісії на умовах, передбачених цим
Договором.
2.1.1.5.6. У разі невиконання зобов'язань за договором на вимогу Банку виконати
зобов'язання з повернення Кредиту (у тому числі Простроченого кредиту та Овердрафта),
оплати Винагороди Банку.
2.1.1.5.7. Держатель зобов'язаний стежити за витратою коштів у межах платіжного ліміту з
метою запобігання виникнення Овердрафта.
2.1.1.5.8. У разі помилкового зарахування коштів на Картрахунок Держатель зобов'язаний
повернути ці кошти і доручає Банку здійснити їхнє повернення шляхом списання з
відповідного Картрахунку.
2.1.1.5.9. У разі виникнення заборгованості Держателя по Картрахунку в результаті курсової
різниці, технічних помилок у роботі обладнання та в інших випадках Клієнт зобов'язується
погашати заборгованість протягом 30 днів з моменту її виникнення.
2.1.1.5.10. Вживати заходів щодо запобігання втрати (крадіжки) Карток, ПІНа (персонального
ідентифікаційного номера) або інформації, нанесеної на картку і магнітну смугу, або їхнього
незаконного використання.
2.1.1.5.11. Клієнт зобов'язується інформувати Банк, а також правоохоронні органи за фактом
втрати картки, PIN-коду або одержання повідомлення про їхнє незаконне використання. При
настанні вищевказаних випадків необхідно вернутися до відділення Банку або за телефонами
7776 (безкоштовно з мобільних в межах України), +380567220555 (для дзвінків з-за кордону).
2.1.1.5.12. У випадку якщо Держателю картки відомі факти про незаконне використання
картки, Держатель картки зобов'язаний у триденний термін після усної заяви про втрату
картки, стікера PayPass, PIN коду надати в Банк докладний виклад обставин втрати картки,
стікера PayPass і / або PIN коду і відомі факти про їх незаконне використання.
2.1.1.5.13. Письмово доручати Банку постановку Картки до СТОП листа Платіжної системи.
2.1.1.5.14. У разі невиконанні зобов'язань, передбачених цим Договором, Банк залишає за
собою право вилучати будь яке інше майно, що належить Клієнту, достатнє для погашення
заборгованості у позасудовому порядку.
2.1.1.6. Права Клієнта :

=== PAGE 65 ===
2.1.1.6.1. Доручити Банку заблокувати кошти, що знаходяться на відповідному картрахунку,
звернувшись до Банку особисто або за телефонами 7776 (безкоштовно з мобільних в межах
України), +380567220555 (для дзвінків з-за кордону), або на основі звернення Клієнта в Банк.
2.1.1.6.2. Доручати Банку здійснювати платежі з Картрахунку відповідно до інших угод.
2.1.1.7. Відповідальність сторін :
2.1.1.7.1. Держатель відповідає за операції з Картками, у тому числі з такими, що надані
Банком його Довіреним особам. Неотримання виписки або несвоєчасне отримання не
звільняє Держателя від виконання своїх зобов'язань за Договором.
2.1.1.7.2. Банк не несе відповідальність перед Держателем за виникнення конфліктних
ситуацій поза сферою його контролю, пов'язаних зі збоями у роботі систем оплати,
розрахунків, обробки і передачі даних, а також, якщо картка не була прийнята до оплати
третіми особами.
2.1.1.7.3. У випадку якщо Держатель надає згоду на здійснення операцій з Картками або
нанесеними на них даними поза полем його зору, він несе повну відповідальність за їхнє
можливе шахрайське використання надалі. Банк не несе відповідальність за операції, що
супроводжуються правильним введенням ПІНа або нанесеними на картці даними.
2.1.1.7.4. Держатель картки несе відповідальність за всі операції, що супроводжуються
авторизацією, включаючи операції, що супроводжуються правильним введенням
нанесених на картці даних, до моменту звернення Власника картки в Банк та блокування
коштів на картрахунку і за всі операції, які не супроводжуються авторизацією, до моменту
постановки картки в СТОП ЛИСТ платіжною системою.
2.1.1.7.5. Усі суперечки, розбіжності або вимоги, що виникають за цим Договором або у
зв'язку з ним, у тому числі ті, що стосуються його виконання, порушення, визнання його
недійсним або неукладеним підлягають вирішенню у порядку, визначеному у пункті 5.28.
2.1.1.7.6. При порушенні Клієнтом строків платежів по кожному з грошових зобов'язань,
передбачених цим Договором, більш ніж на 30 днів Клієнт зобов'язаний сплатити Банку
штраф, розмір якого встановлено тарифами договору. Штраф нараховується на окремий
рахунок і підлягає оплаті в зазначені банком терміни.
2.1.1.8. Інші умови:
2.1.1.8.1.Для призупинення або запобігання будь-яким незаконним або неузгодженим з
Банком дій з Карткою Держатель доручає Банку у будь-який час і без укладання будь-яких
додаткових угод:
-призупинити або припинити дію Картки або
-відмовити в її продовженні, заміні або видачі нової Картки або
-надати доручення будь-якому учаснику Міжнародних платіжних системвилучити Картку,
зокрема, у наступних випадках:
-якщо Держатель (Довірена особа) навмисне невірно повідомив Банк про себе та/або про свої
відносини з іншими банками або приховав відомості, раніше невідомі Банку і не враховані
під час розглядання заяви на відкриття Карткового рахунку;
-якщо Держатель більше одного разу допустив прострочення погашення Обов'язкового
щомісячного платіжу;
-якщо Держатель (Довірена особа) більше одного разу звертався до Банку та заявляв про
втрату/крадіжку картки і при цьому по цій картці до моменту її фактичного блокування у
системі авторизації Банку та постановки до СТОП- листа здійснювалися операції, від яких
пізніше Держатель відмовився.
2.1.1.8.2. У разі заперечування Держателем операцій, здійснених з використанням карток або
інформації, нанесеної на картки, Власник надає протягом 35 днів з моменту стягнення коштів
письмову заяву Банку із зазначенням операцій, що заперечуються, і причин заперечування (у

=== PAGE 66 ===
разі якщо вирішення питання передбачає розгляд письмової заяви). Банк надає Держателю
відповідь протягом 30 днів з моменту звернення.
2.1.1.8.3. За наявності перевитрати Платіжного ліміту по Картці і непогашення його Клієнтом
протягом 6 місяців, Картка закривається, наступне поновлення дії Картки можливе тільки
після повного погашення заборгованості Клієнтом.
2.1.1.8.4. Відповідний картрахунок може бути закритий на підставі Заяви Держателя або Банк
має право закрити картрахунок, повідомивши Держателя. При цьому Держатель повинен не
пізніше 30 днів від дня повідомлення повернути картку до Банку, після чого обслуговування
картки припиняється. Держатель повинен погасити усі види заборгованостей перед Банком, у
тому числі ті, що виникли протягом 30 днів з моменту повернення картки. Банк закриває
картрахунок не раніше ніж через 30 днів від дня припинення обслуговування картки.
Комісія за обслуговування неактивного рахунку протягом 365 днів: 20 грн/міс, але не більше
від залишку власних коштів на карті.
2.1.1.8.5. Банк не несе відповідальність за невиконання або неналежне виконання своїх
зобов'язань за Договором у випадку, якщо виконання таких зобов'язань стає неможливим,
утрудненим або затримується через виникнення форс мажорних обставин, що включає
опублікування або зміну в тлумаченні або застосування яких небудь законодавчих або
нормативних актів, постанов, рішень тощо державних або місцевих органів України або
інших держав, Національним банком України або центральними (національними) банками
інших держав (у тому числі обмеження щодо конвертації та перерахування коштів),
внаслідок яких виконання Банком своїх зобов'язань за Договором стає незаконним або
неправомірним, а також саботаж, пожежі, стихійні лиха, війни тощо.
2.1.1.8.6. У разі порушення Клієнтом умов договорів, укладених з Банком про надання
кредитних коштів, а також у разі звернення Клієнта для здійснення перерахування готівкових
коштів на адресу третіх осіб Клієнт доручає Банку сформувати касові документи на
перерахування коштів для погашення простроченої заборгованості за Договором у межах
суми простроченої заборгованості, що виникла за станом на день виконання платежу.
Сторони дійшли згоди, що у цьому випадку оплата здійснюється у наступній послідовності:
оплата документів на погашення простроченої заборгованості перед Банком; перерахування
коштів на адресу третіх осіб.
2.1.1.8.7. Банк інформує Клієнта про заборгованість за кредитними договорами (у тому числі
про заборгованість за кредитними картками), розмір поточних платежів, активацію продуктів
і послуг Банку, а також інші правила користування платіжною карткою та умови кредитного
договору, включаючи внесені в них зміни шляхом використання функції SMS повідомлень,
мобільного додатку або e-mail.
2.1.1.8.8. Введення динамічного пароля для підтвердження видачі кредитної картки в
програмних комплексах Банку, або підтвердження видачі кредитної картки в IVR-дзвінку,
прирівнюється до підписання договору на паперовому носії. Подаючи заявку / передаючи
пароль клієнт ознайомлений з дійсними Умовами і Правилами надання банківських послуг.
2.1.1.9. Вимоги безпеки:
2.1.1.9.1. Карткою має право користуватися тільки Держатель Картки. Використання Картки у
торговельній точці та у пункті видачі готівки повинне здійснюватися у присутності
Держателя картки.
2.1.1.9.2. Банк має право у разі порушення Держателем цих «Умов використання кредитних
карток» та/або «Умов банківського обслуговування», у разі виникненні простроченої
заборгованості за Рахунком Картки, заборгованості, що перевищує ліміт овердрафта (за його
наявності), або у разі виникнення ситуації, що може спричинити збиток для Банку або
Клієнта (включаючи ризик несанкціонованого використання Картки), або порушення
чинного законодавства, а також у випадках, передбачених «Умовами банківського
обслуговування»: - призупинити або припинити дію Карток( ки), а також уживати для цього

=== PAGE 67 ===
усіх необхідних заходів аж до вилучення Карток( ки); - відправити Держателю повідомлення
з вимогою повернення Карток( ки) до Банку.
2.1.1.9.3. Держатель повинен повернути картку до Банку при зверненні для перевипуску до
закінчення її терміну дії, при поданні претензії до Банку про несанкціоновані операції по
картці, а також на вимогу Банку не пізніше п'яти робочих днів з дати отримання
повідомлення від Банку про повернення картки.
2.1.1.9.4. Документи, що оформлюються під час здійснення операцій по Картці, можуть бути
підписані особистим підписом Держателя або складені з використанням аналога
власноручного підпису Держателя: ПІНа, постійного пароля/одноразового пароля.
2.1.1.9.5. Держатель зобов'язується:
- не повідомляти ПІН, постійний пароль, одноразові паролі і контрольну
інформацію,
- не передавати Картку (її реквізити) для здійснення операцій іншими особами,
вживати необхідних заходів для запобігання втрати, пошкодження, розкрадання
Картки;
- в разі оскарження Держателем платіжної операції - надати Банку докази того,
що така операція була здійснена не внаслідок дій або бездіяльності, що призвели
до втрати електронного платіжного засобу, розголошенню ПІНа або іншої
інформації, яка дає можливість ініціювати платіжну операцію;
- не здійснювати операції з використанням реквізитів Картки після її здачі до
Банку або після закінчення терміну її дії, а також Картки, заявленої як втрачена.
2.1.1.9.6. Банк має право встановлювати ліміти на здійснення операцій по Картці з
повідомленням Держателя у звіті по Рахунку Картки, через інформаційні стенди підрозділів
Банку та офіційний сайт Банку.
2.1.1.9.7. Клієнт може звернутися в Банк (допускається також факсимільне або усне
звернення до Служби підтримки Банку або використовуючи Internet Banking Приват24) для
зміни наступних лімітів і обмежень: ліміт на одержання готівки в межах власних коштів на
Карті (Картам) протягом місяця, тижня, доби; ліміт на здійснення операцій у
торговельній/сервісній мережі по Карті (Картам) протягом місяця, тижня, доби; загальний
ліміт на здійснення операцій по Карті (Картам) протягом місяця, тижня, доби; країни,
дозволені для здійснення операцій по Карті (Картам).
2.1.1.9.8. Відповідальність за всі операції, зроблені в межах лімітів, збільшених за
розпорядженням клієнта (як письмовому, так і факсимільному або усному зверненню в
Службу допомоги Банку) по картах, прив'язаних до карткового рахунку Клієнта,
покладається на Клієнта.
2.1.1.9.9. Держатель Картки зобов'язаний вживати всіх можливих заходів для запобігання
втрати Карти / ПІНу / постійного пароля / одноразових паролів.
2.1.1.9.10. У разі втрати картки / PIN-коду / постійного пароля / одноразових паролів або
виникнення у Держателя підозри, що картка / PIN-код / постійний пароль / одноразові паролі
могли бути втрачені, або виникнення ризику несанкціонованого використання Картки / PIN￾коду / постійного пароля / одноразових паролів Держатель повинен негайно виконати одну з
наступних дій:
- звернутися до Банку за телефонами 7776 (цілодобово, по Україні -
безкоштовно), +380567220555 (для дзвінків з-за кордону);
- звернутися в Банк і заявити про втрату картки (у випадку втрати картки)
- якщо Клієнт підключений до Internet Banking Abank24 - виконати дії, необхідні для
припинення дії картки відповідно до Керівництва з використання сервісу.
Держатель відповідає за усі операції з карткою, здійснені:
- по дату отримання Банком повідомлення від Клієнта про втрату картки
включно (через гарячу лінію за телефонами 7776 (цілодобово, по Україні -
безкоштовно), +380567220555 (для дзвінків з-за кордону);

=== PAGE 68 ===
- по дату одержання Банком повідомлення про втрату картки, відправленого
відповідно до Керівництва з використання системи Internet Banking Abank24
включно..
2.1.1.9.11. Якщо інформація про PIN-код або реквізити картки стала доступною третім
особам, Держатель повинен негайно сповістити про це Банк за телефонами 7776 (цілодобово,
по Україні - безкоштовно), +380567220555 (для дзвінків з-за кордону). Для подальшого
використання картки Клієнту необхідно звернутися до відділення Банку для перевипуску
картки.
2.1.1.9.12. У разі знайдення Картки, раніше заявленої як втрачена, Власник негайно повинен
інформувати про це Банк і повернути Картку до Банку.
2.1.1.9.13. Замість втраченої/технічно несправної Картки Банк видає Власнику перевипущену
Картку.
2.1.1.9.14. Постановка картки до СТОП листа здійснюється на підставі письмової заяви
Клієнта відповідно до тарифів Банку.
2.1.1.10. Використання Картки
2.1.1.10.1. Місця прийому до оплати або використання Картки відзначені логотипом, що
відповідає типу картки: Visa, EC/MC.
2.1.1.10.2. По картках, які не обладнані чіп-модулем, можливі тільки операції у банкоматах і
терміналах (банківських і торговельних) із введенням ПІН-коду.
2.1.1.10.3. Підставою для отримання готівкових коштів по Картці через банкомат є правильне
введення ПІНа. У разі трикратного неправильного введення ПІНа на Карту автоматично
встановлюється статус «Вилучити». У цьому випадку переоформлення вилученої Картки
здійснюється відповідно до тарифів Банку.
2.1.1.10.4. Операція з отримання готівкових коштів у банкомату вважається правильно
здійсненою і не може бути скасована за умови виконання усіх необхідних для її здійснення
дій (введення картки в щілину банкомату, набирання ПІН коду, вибір і підтвердження
здійсненої операції).
2.1.1.10.5. У разі використання Картки для оплати товарів/послуг Власник картки
зобов'язаний підписати розрахунковий документ (якщо це передбачено порядком здійснення
операції), попередньо впевнившись, що у цьому документі правильно зазначений номер
Картки, сума, валюта і дата операції. Держатель картки відповідає за правильність зазначеної
у цих документах інформації.
2.1.1.10.6. Якщо оплачений Карткою товар/послуга повернутий або не отриманий, Дежатель
картки повинен одержати від працівника торговельної фірми зворотний рахунок
(розрахунковий документ), що містить номер картки і суму, яка підлягає поверненню.
Повернення вартості товару/послуги здійснюється торговельною фірмою шляхом
зарахування суми на Картрахунок Держатель протягом 45 днів після оформлення зворотного
рахунку.
2.1.1.10.7. У разі неотримання коштів за поворотним рахунком протягом 45 днів Держатель
повинен сповістити про це Банк для врегулювання питання з торговельною фірмою, надавши
копії зворотного рахунку та листування з торговельною фірмою за цим питанням.
2.1.1.10.8. Суми операцій, здійснених з використанням усіх наданих до Картрахунку Клієнта
Карток, будуть списані Банком з цього карткового рахунку на підставі платіжних повідомлень
від торговельних точок.
2.1.1.10.9. Банк не несе відповідальність: - у разі відмови торговельно сервісного
підприємства у здійсненні операцій оплати покупок/послуг з використанням електронного
термінала через відмову Власника від уведення ПІНа; - у разі відмови торговельно сервісного
підприємства у здійсненні операцій оплати покупок/послуг через необхідність додаткової
перевірки правомірності здійснення операції; - за введення торговельно сервісними
підприємствами додаткових комісій за оплату покупок/послуг по картках; - за обмеження по

=== PAGE 69 ===
сумах операцій, що здійснюються, і за порядок ідентифікації Власників, що застосовуються
торговельно сервісними підприємствами та іншими банками.
2.1.1.10.10. Клієнт надає свою згоду на те, що за замовчуванням при видачі Картки Банк
блокує можливість використання Картки у мережі Інтернет, а також при здійсненні ризикових
операцій у країні та за кордоном.
2.1.1.10.11. Клієнт може отримати можливість оплати товарів / послуг через Інтернет як в
рахунок використання власних коштів, так і в рахунок використання кредитних коштів,
розміщених на кредитній картці. При подачі клієнтом заявки до системи "Viber" (з номера +38067523137, у випадку встановлення мобільногоПриват 24"Viber" (з номера +38067523137, у випадку встановлення мобільного на
розблокування Карткового рахунку Банк приймає рішення про зміну режиму використання
Картки.
2.1.1.10.12. Клієнт може отримати можливість оплати товарів/послуг по Інтернету,
оформивши Інтернет картку. У цьому випадку Клієнту буде наданий номер Картки (без
видачі самої Картки), яким він зможе користуватися при здійсненні покупок по Інтернету.
2.1.1.10.13. Для замовлення послуги/товару по Інтернету Держатель картки повинен ввести
тип Картки, номер Картки і термін дії Картки у відповідні поля запиту, а також іншу
інформацію за необхідністю. При здійсненні операції з використанням технології 3 DSecure з
метою одержання динамічного пароля необхідною умовою для здійснення операції з
Карткою є надання Клієнтом інформації про номер мобільного телефону. У разі
втрати/крадіжки мобільного телефону або зміни номера мобільного телефону, на номер якого
Банком відправляються динамічні паролі, Клієнт зобов'язується негайно інформувати Банк.
2.1.1.10.14. Відповідальність за усі операції, здійснені у мережі Інтернет по Картках,
прив'язаних до Карткового рахунку Клієнта, покладається на Клієнта.
2.1.1.10.15. У разі виявлення факту несанкціонованого доступу до Карткового рахунку через
Інтернет Клієнт повинен подати заяву до Банку з цього питання. Банк у свою чергу
представляє інтереси Клієнта у Міжнародній Платіжній Системі з питання повернення
несанкціоновано списаної суми.
2.1.1.11. Картковий рахунок
2.1.1.11.1. Зарахування (поповнення) коштів на Картрахунок здійснюється за номером
Картки/рахунку і може здійснюватися шляхом внесення готівкових коштів до каси
ПриватБанку або перерахування з рахунків в інших банках, за допомогою перерахування
коштів з інших поточних або депозитних рахунків фізичної особи, а також з рахунків інших
осіб за їхніми дорученнями відповідно до вимог чинного законодавства.
В системі дистанційного керування своїм рахунком АБанк24 (мобільний додаток) клієнт
може встановити умову, що дає можливість переказувати кошти на його картрахунок по
номеру телефону (фінансовий номер). Клієнт самостійно підтверджує ОТП паролем згоду,
щоб відображати наявність у нього картки в А-Банку по його номеру телефону.
2.1.1.11.2. Операції, що здійснюються на території України Держателями кредитних карток,
здійснюються тільки у валюті України.
2.1.1.11.3. Якщо оригінальна валюта транзакції знаходиться у списку стандартних валют:
гривня України, долар США, Євро – визначається, чи є прив'язаний до Картки рахунок у цій
валюті. Якщо такий є, перевіряється доступність на ньому коштів для авторизації.
2.1.1.11.4. У випадку якщо валюта операції відрізняється від перерахованих валют, немає
прив'язаного рахунку у цій валюті або на рахунку немає коштів, здійснюється перебір
рахунків у наступній послідовності: першим завжди перевіряється первинно відкритий
рахунок і доступність на ньому коштів, потім перевіряються пов'язані рахунки за зростанням
валют: 1 – долар США, 2 – Євро, 3 – гривня України.
2.1.1.11.5. При зарахуванні та списанні коштів на зарубіжних сайтах, сума операції може
конвертуватися за умовами міжнародної платіжної системи. Сума операції конвертується у
валюту Картрахунку за обмінним курсом А-Банку, що діє на дату проведення А-Банком
операції, або за обмінним курсом, що встановлюється тим банком, фінансовою установою

=== PAGE 70 ===
або платіжною системою і / або мережею, через які така операція проводиться. Банк не несе
відповідальність за курсову різницю.
2.1.1.11.6. Суми коштів по операціях, які заперечуються Власником, повертаються на
Картрахунок після повного врегулювання питання з протилежною стороною – банком, що
представив операцію до оплати, відповідно до правил міжнародних платіжних систем.
2.1.1.11.7. Банк стягує комісію за обслуговування відповідно до Тарифів / Пам'ятки Клієнта /
Довідки про умови кредитування, тарифів Банку, якщо інше не передбачено п. 2.1.1.11.8.
Сплата комісії здійснюється відповідно до п. 2.1.1.3.3 Умов і правил.
2.1.1.11.7.1. У разі відсутності грошових коштів на картковому рахунку Позичальника, що
призвело до невиконання або неналежного виконання Позичальником зобов'язання зі сплати
комісії за обслуговування у відповідності з Пам'яткою Клієнта / Довідкою про умови
кредитування, тарифами, Позичальник сплачує Банку штраф у розмірі 100% від розміру
неналежно від сплаченої комісії. Сплата штрафу здійснюється Позичальником за кожний
місяць такого порушення, починаючи з останнього місяця належного виконання
Позичальником зобов'язання зі сплати винагороди за кредитом.
2.1.1.11.8. У разі порушення Позичальником термінів зі сплати комісії за обслуговування
кредиту, передбаченого в Пам'ятці Клієнта / Довідці про умови кредитування, п. 2.1.1.11.7
Умов, згідно зі ст. 212, 611, 651 Цивільного кодексу України Банк стягує комісію за
обслуговування договору в розмірі фактично сплаченої Позичальником. При цьому
Позичальник за весь період неналежного виконання зобов'язань зі сплати комісії сплачує
Банку неустойку в розмірі, передбаченому п. 2.1.1.11.7.1 даних Умов.
2.1.1.12. Порядок нарахування та сплати процентів. Порядок погашення боргових зобов'язань
2.1.1.12.1 Під борговими зобов'язаннями за Кредитом Сторони узгодили зобов'язання Клієнта
з повернення тіла Кредиту, відсотків за користування Кредитом, комісії та штрафів, тобто
загальну заборгованість клієнта.
2.1.1.12.1.1. Форма Кредиту: «кредит рахунку» на споживчі цілі. Кредитний ліміт може бути
використаний для отримання готівкових грошових коштів з Картрахунку і безготівкових
розрахунків за придбані товари чи послуги.
2.1.1.12.2 За користування Кредитом протягом Пільгового періоду Клієнт сплачує Банку
відсотки в розмірі 0,000001% від суми операцій за рахунок Кредиту. В разі непогашення
Клієнтом боргових зобов'язань в повному обсязі за Кредитом до 25 числа місяця (по карткам
"Viber" (з номера +38067523137, у випадку встановлення мобільногоУніверсальна"Viber" (з номера +38067523137, у випадку встановлення мобільного та "Viber" (з номера +38067523137, у випадку встановлення мобільногоУніверсальна Gold"Viber" (з номера +38067523137, у випадку встановлення мобільного) або до останнього дня місяця (по картці "Viber" (з номера +38067523137, у випадку встановлення мобільногоЗелена"Viber" (з номера +38067523137, у випадку встановлення мобільного),
що слідує за місяцем, в якому були здійснені трати, за користування Кредитом Клієнт сплачує
Банку відсотки в розмірі, зазначеному в Тарифах, що діють на дату нарахування. По картці
"Viber" (з номера +38067523137, у випадку встановлення мобільногоЗелена"Viber" (з номера +38067523137, у випадку встановлення мобільного сплату відсотків за користування Кредитом Клієнт здійснює шляхом надання
доручення банку про списання грошей з його поточного рахунка в розмірі нарахованих
відсотків (договірне списання). У разі якщо, в дату нарахування відсотків за Кредитом,
Клієнт використав всю суму кредиту, Сторони узгодили про збільшення розміру Кредиту на
розмір боргових зобов'язань за Кредитом, що мала місце на дату нарахування відсотків.
Узгоджена сторонами умова про збільшення розміру кредиту діє до тих пір, поки термін
прострочення по будь-якій заборгованості за Кредитом не перевищує 90 днів. Для всіх карток
Згідно ст.212 ЦК України, в разі, якщо будь-яка прострочена заборгованість за Кредитом є
більшою ніж 90 днів - починаючи з 91-го дня вся (загальна) заборгованість за Кредитом є
простроченою.
2.1.1.12.2.1 У разі виникнення прострочених зобов’язань за Договором, Клієнт сплачує Банку
плату за користування кредитом у розмірі подвійної місячної процентної ставки визазначеної
в Тарифах, що діє на дату нарахування відсотків. Відсотки в подвійному розмірі, замість
базового розміру процентної ставки, зазначеного в Тарифах, нараховуються від суми
загальної Заборгованості з моменту виникнення Заборгованості під час дії Пільгового
періоду за карткою, внаслідок не внесення Обов'язкового щомісячного платежу в повному

=== PAGE 71 ===
обсязі. При цьому Сторони усвідомлюють та підтверджують, що таке збільшення розміру
процентної ставки не є зміною умов цього Договору та/або зміною процентної ставки за
Договором, що здійснюється Банком в односторонньому порядку, і відповідно внесення змін
до Договору не потребується.
2.1.1.12.3. Погашення Кредиту - поповнення Картрахунку Клієнтом в розмірі Обов'язкового
щомісячного платежу шляхом внесення коштів у готівковому або безготівковому порядку , а
так само шляхом договірного списання коштів з інших рахунків Клієнта на підставі
доручення Клієнта. Сума Обов'язкового щомісячного платежу визначається Банком
відповідно до Тарифів й не може перевищувати повного розміру Заборгованості за Кредитом.
2.1.1.12.4. Строк внесення Обов'язкового щомісячного платежу по Кредиту (далі - «Платіж»),
а також овердрафту - до 1-го числа місяця, наступного за розрахунковим, в розмірі,
розрахованому згідно Тарифу від суми поточних боргових зобов'язань. Складові
обов'язкового щомісячного платежу визначаються з урахуванням черговості погашення
боргових зобов'язань, встановлених цими Умовами.
Строк користування кредитом становить 20 років. Сторони узгодили, що відповідно до умов
п.2.1.1.2.1 цього Договору датою повернення кредиту є останній день відповідного місяця
останнього року дії строку договору. Банк має право пролонгувати строк користування
кредитом на аналогічний строк. Термін повернення Овердрафту в повному обсязі - протягом
30 днів з моменту виникнення Овердрафту; Термін погашення відсотків по овердрафту —
щомісячно за попередній місяць до 1-го числа
2.1.1.12.5. У разі виникнення прострочених зобов'язань за Договором Банк має право
вимагати сплати Клієнтом штрафів у розмірі, встановленому Тарифами на дату укладання
договору.
2.1.1.12.6.1. У разі виникнення прострочених зобов'язань за Договором Банк має
право вимагати сплати Клієнтом пені у розмірі, встановленому Тарифами на дату
укладання договору.
2.1.1.12.7. В разі ненадходження до передостаннього робочого дня місяця коштів в розмірі,
достатньому для погашення нарахованих відсотків за користування кредитним лімітом за
поточний місяць, за умови наявності на картрахунку Клієнта доступних коштів, Клієнт
доручає без додаткових узгоджень здійснити списання коштів в розмірі, що відповідає сумі
нарахованих відсотків за користування кредитним лімітом за поточний місяць, на поточний
рахунок Клієнта, відкритий в Банку.
2.1.1.12.7.1.2. У разі непогашення заборгованості минулого місяця до 25-го числа поточного
місяця (по карткам "Viber" (з номера +38067523137, у випадку встановлення мобільногоУніверсальна"Viber" (з номера +38067523137, у випадку встановлення мобільного та "Viber" (з номера +38067523137, у випадку встановлення мобільногоУніверсальна Gold"Viber" (з номера +38067523137, у випадку встановлення мобільного) або до останнього дня місяця (по
картці "Viber" (з номера +38067523137, у випадку встановлення мобільногоЗелена"Viber" (з номера +38067523137, у випадку встановлення мобільного), Клієнт сплачує Банку відсотки за користування кредитом у Пільговому
періоді у розмірі місячної процентної ставки від загального розміру видаткових операцій за
попередні періоди Клієнта за договором, в т.ч. тих, строк сплати яких не настав.
2.1.1.12.7.3. Відсотки за користування Кредитом (кредитним лімітом) і / або Овердрафтом
нараховуються в дату їх сплати, передбачену п 2.1.1.12.4. при цьому відсотки розраховуються
щомісячно за кожний календарний день за фактично витрачені в рахунок Кредиту та / або
Овердрафту кошти, з дня списання суми з карткового рахунку до дня, коли Кредит
(кредитний ліміт) і / або Овердрафт стають простроченими кредитами.
2.1.1.12.8. Банк стягує комісію за обслуговування відповідно до Тарифів / Пам'яткою
Клієнта / Довідкою про умови кредитування, Тарифами Банку, якщо інше не передбачено п.
2.1.1.12.13. Сплата комісії здійснюється відповідно до п. 2.1.1.3.3. Умов і правил.
2.1.1.12.9. Клієнт доручає Банку списувати з будь-якого рахунку Держателя, відкритого в
Банку, зокрема з Картрахунку грошові кошти для здійснення платежу з метою повного або
часткового погашення Боргових зобов'язань, у тому числі Мінімального обов'язкового
платежу, якщо Мінімальний обов'язковий платіж вказаний в Заяві Клієнта і у Пам'ятці
Клієнта/Довідці про умови кредитування, а також списання помилково перерахованих сум, за
якими Держатель не є належним одержувачем. Списання коштів здійснюється відповідно до
встановленого законодавством порядку.

=== PAGE 72 ===
2.1.1.12.10. Банк має право вимагати дострокового виконання Боргових зобов'язань у цілому
або в певній Банком частки у разі невиконання Клієнтом та \ або Довіреною особою Клієнта
своїх Боргових та інших зобов'язань за цим Договором.
2.1.1.12.11. Процентна ставка за Кредитом на місяць, наступний за звітним, вказується
Банком у щомісячній виписці по картрахунку за звітний місяць.
2.1.1.12.12. При перевитраті платіжного ліміту Банк має право зупинити здійснення
розрахунків за Карткою (заблокувати Картку) та \ або визнати Карту недійсною до моменту
усунення вказаних порушень.
2.1.1.12.13. Банк стягує комісію за обслуговування/перевипуск картки у розмірі,
встановленому Тарифами Банку, якщо інше не передбачено п. 2.1.1.12.15. Умов і правил.
Сплата комісії здійснюється відповідно до п. 2.1.1.3.3. Умов і правил.
2.1.1.12.14. Клієнт доручає Банку здійснювати списання грошових коштів з Карткового
рахунку для погашення комісії за відкриття, річне, щомісячне обслуговуваннякарткового
рахунку в розмірі, встановленому Тарифами Банку. У разі, відсутності доступних грошових
коштів на картковому рахунку, клієнт доручає банку встановити овердрафт на суму необхідну
для сплати нарахованої комісії.
2.1.1.12.15. Клієнт доручає Банку здійснювати списання грошових коштів з рахунків Клієнта,
відкритих в інших банках, у валюті кредитного ліміту у межах сум, що підлягають сплаті
Банку за цим Договором при настанні термінів платежів (здійснювати договірне списання).
При цьому Клієнт надає Банку реквізити Карти, емітованої іншим банком, та іншу необхідну
інформацію для здійснення Банком договірного списання. Надання Банку реквізитів Картки
та іншої інформації, необхідної Банку для договірного списання, є підтвердженням Клієнта
про його доручення Банку здійснювати списання коштів з рахунків Клієнта, відкритих в
інших банках.
2.1.1.12.16.У разі, якщо Банк застосовує зменшення тарифів у порядку та з підстав,
установлених у розділі «Умови зменшення тарифу» Умов та правил надання банківських
послуг. Грошові кошти у розмірі зайво сплачених Клієнтом і повернутих йому на рахунок,
Клієнт доручає Банку перерахувати на рахунок Партнера або Банку в рахунок оплати за
придбаний Клієнтом акційний продукт.
2.1.1.12.17. За користування Кредитом, наданим Держателю, Держатель сплачує Банку
фіксовану процентну ставку в розмірі, визначеному в Тарифах.
2.1.1.12.18. В разі невиконання або неналежного виконання Клієнтом , в тому числі на якого
поширюється дія п. 2.1.1.15. (Програма "Viber" (з номера +38067523137, у випадку встановлення мобільногоКредитні канікули"Viber" (з номера +38067523137, у випадку встановлення мобільного), зобов'язань по погашенню
заборгованності за Кредитом, на дату виникнення простроченої заборгованності за Кредитом
клієнт зобов'язується надати Банку забезпечення шляхом перерахування грошових коштів в
розмірі поточної заборгованності на свій поточний рахунок, відкритий в Банку (далі
забезпечення). За невиконання Клієнтом зобов'язань по перерахуванню забезпечення на
поточний рахунок, Клієнт сплачує Банку за кожний місяць порушення штраф в розмірі згідно
тарифів Банку, що діяли на момент сплати.
2.1.1.12.19. При перевипуску картки клієнтом в період з 25 числа по останній день місяця,
пільговий період поточного місяця буде діяти відповідно до умов (зазначених в пункті
2.1.1.12.2) картки, яка була перевипущена.
2.1.1.13. Втрата Картки або її незаконне використання.
2.1.1.13.1. У разі знайдення Картки, раніше заявленої втраченою або незаконно
використовуваною, Держатель картки повинен негайно сповістити про це Банк.
2.1.1.13.2. Постановка картки до СТОП-листа здійснюється на підставі письмової заяви
Клієнта відповідно до тарифів Банку.
2.1.1.13.3. У випадку виникнення у Держателя картки проблемних ситуацій йому слід
звернутися до Банку за цілодобовим контактним телефоном 7776 (по Україні - безкоштовно),
+380567220555 (для дзвінків з-за кордону).

=== PAGE 73 ===
ВИТЯГ
з Умов та правил надання банківських послуг у ПАТ «АКЦЕНТ-БАНК»
розміщеного на сайті https://a-bank.com.ua/terms в розділі «Умови та правила»
ТАРИФИ
користування кредитною карткою
«Універсальна», «Універсальна GOLD», «Зелена»», «Зелена»
Тип картки Visa, Mastercard
Валюта карткового рахунку Гривня - «Універсальна», «Універсальна GOLD», «Зелена»»
Долари США, євро, рублі РФ - «Універсальна
GOLD», «Зелена»»
Обслуговування платіжної картки Безкоштовно - «Універсальна»
20 грн міс. - «Універсальна GOLD», «Зелена»»
Безкоштовно - «Зелена»
Інтернет банкінг Безкоштовно
Пільговий період До 55 днів (діє за умови погашення до 25-го числа
місяця, наступного за датою заборгованості)
Розмір обов'язкового щомісячного платежу 5% від заборгованості (не менше 100 грн, не менше
суми нарахованих процентів плюс штраф, якщо він
виник, але не більше залишку заборгованості)
Базова процентна ставка на залишок заборгованості в
місяць (після закінчення пільгового періоду)
3,9% - «Універсальна»
3.7% - «Універсальна GOLD», «Зелена»»
3.7% - «Зелена»
Перевипуск картки по закінченню терміну дії Безкоштовно
Розмір прострочених зобов'язань по кредиту Подвійна процентна ставка, що діє в тарифі,
нараховується з 1-го дня виникнення зобов'язань:
7,8% - «Універсальна»
7,4% - «Універсальна GOLD», «Зелена»»
6,8% - «Зелена»
Штраф за несвоєчасне погашення кредиту та /або
відсотків. Штраф списується в день списання
відсотків:
• 50 грн кожен раз, коли виникає прострочення по
уплаті обов'язкового щомісячного платежу повністю
або частково на суму від 100 грн
• 100 грн кожен раз, коли виникає прострочення по
уплаті обов'язкового щомісячного платежу на суму від
100 грн другий місяць поспіль і більше
• 500 грн + 5% від суми загальної заборгованості, у
разі непогашення протягом 60 календарних днів
простроченого по уплаті обов'язкового щомісячного
платежу за карткою із порушеним строком більше ніж
на 30 днів - «Зелена»
Комісія за зняття власних коштів у банкоматах,
пунктах видачі готівки А-Банку та інших банків
України
1%
Комісія за зняття власних коштів у банкоматах і
пунктах видачі готівки інших банків за кордоном
2%
Комісія за зняття кредитних коштів у банкоматах і
пунктах видачі готівки А-Банку та будь-яких
українських та закордонних банків, а також за операції
з quasi-готівкою
1–100 грн -7 грн
100,01–200 грн -12 грн
200,01–300 грн -18 грн
300,01–400 грн -24 грн
400,01–500 грн -30 грн
500,01–1 000 грн -47 грн
більше 1 000 грн -4% від суми зняття

=== PAGE 74 ===
Комісія картки за проведення операцій в терміналах
самообслуговування ПриватБанку
Безкоштовно - за рахунок особистих коштів
4% - за рахунок кредитних коштів
Поповнення картки без її наявності У касі банку - 5 грн
через термінал самообслуговування - 0,5% від суми
(min 5 грн)min 5 грн)
Оплата карткою в торгових точках і інтернет￾магазинах
Безкоштовно
Довідка про стан заборгованості Безкоштовно
Надання виписки за карткою у відділенні банку Безкоштовно
Комісія за одержання балансу на чек у банкоматах і
терміналах
3 грн (min 5 грн)окрім чека операції зняття готівки)
Оплата карткою на рахунок юридичної особи в А￾Банку (платіж по Україні)
1% (min 5 грн)min 3 грн, max 1 000 грн) в рахунок власних
коштів або 4% в рахунок кредитних коштів.
Додатково утримується 8 грн., якщо оплата
відбувається по телефону
Оплата карткою на рахунок юридичної особи в
іншому українському банку (платіж по Україні)
1% (min 3 грн, max 1 000 грн) в рахунок власних
коштів або 4% в рахунок кредитних коштів.
Додатково утримується 8 грн., якщо оплата
відбувається по телефону
Переказ на картку «Універсальна», поточний рахунок
фіз. особи
Безкоштовно в рахунок власних коштів або 4% в
рахунок кредитних коштів. Додатково утримується 8
грн., якщо оплата відбувається по телефону
Переказ на Картку для виплат 4% в рахунок кредитних коштів або 0,5% в рахунок
власних коштів. Додатково утримується 8 грн., якщо
оплата відбувається по телефону
Переказ на картку іншого банку України 0,5%+3 грн за рахунок власних коштів
(min 5 грн)+4% за рахунок кредитних коштів)
Інформування через SMS Безкоштовно
Порядок погашення заборгованості під час внесення
коштів на картковий рахунок
штрафи, пеня, прострочені комісії, прострочені
відсотки, прострочений кредит, нараховані комісії,
нараховані відсотки, заборгованість за кредитним
лімітом.
Ефективна процентна ставка 58,23% «Універсальна»
56,44% - «Універсальна GOLD», «Зелена»»
(min 5 грн)Базова процентна ставка, пеня і ефективна процентна
ставка можуть відрізнятися від клієнтів з
індивідуальним тарифом. Розмір індивідуальної
ставки вказано в Тарифах, розміщених на сайті А￾Банку.)
Комісія за обслуговування неактивного рахунку
протягом 365 днів
20 грн/міс, але не більше від залишку власних коштів
на карті
Комісія за моніторинг картки, термін дії якої
завершився і за якою 6 місяців поспіль не було
операцій: більше 24 місяців назад
500 грн на рік, але не більше від залишку коштів на
карті
Оформлення картки з фото 50 грн «Універсальна»
100 грн. - «Універсальна GOLD», «Зелена»»

=== PAGE 75 ===


=== PAGE 76 ===


=== PAGE 77 ===
ВИПИСКА
з Єдиного державного реєстру юридичних осіб,
фізичних осіб-підприємців та громадських формувань
АКЦІОНЕРНЕ ТОВАРИСТВО "АКЦЕНТ-БАНК"
Ідентифікаційний код юридичної особи:
14360080
Місцезнаходження юридичної особи:
Україна, 49074, Дніпропетровська обл., місто Дніпро, ВУЛИЦЯ БАТУМСЬКА,
будинок 11
Дата та номер запису в Єдиному державному реєстрі юридичних осіб, фізичних осіб￾підприємців та громадських формувань:
01.02.2022, 1002241070039039198
Прізвище, ім'я та по батькові осіб, які мають право вчиняти юридичні дії від імені юридичної
особи без довіреності, у тому числі підписувати договори, та наявність обмежень щодо
представництва від імені юридичної особи:
КАНДАУРОВ ЮРІЙ ВАСИЛЬОВИЧ, 26.08.2015 - керівник
Відомості, отримані в порядку інформаційної взаємодії між Єдиним державним реєстром
юридичних осіб, фізичних осіб - підприємців та громадських формувань та інформаційними
системами державних органів:
30.06.1994, ДЕРЖАВНА СЛУЖБА СТАТИСТИКИ УКРАЇНИ, 37507880
13.09.2001, 648, ЦЕНТРАЛЬНЕ МІЖРЕГІОНАЛЬНЕ УПРАВЛІННЯ ДПС ПО РОБОТІ З
ВЕЛИКИМИ ПЛАТНИКАМИ ПОДАТКІВ, 44082145, (дані про взяття на облік як
платника податків)
23.10.2007, 04040316431, ЦЕНТРАЛЬНЕ МІЖРЕГІОНАЛЬНЕ УПРАВЛІННЯ ДПС ПО
РОБОТІ З ВЕЛИКИМИ ПЛАТНИКАМИ ПОДАТКІВ, 44082145, 5, (дані про взяття
на облік як платника єдиного внеску)
Види економічної діяльності:
64.19 Інші види грошового посередництва (основний)
Назви органів управління юридичної особи:
ЗАГАЛЬНІ ЗБОРИ

=== PAGE 78 ===
Запис про перебування юридичної особи в процесі припинення:
Відомості відсутні
Вид установчого документа:
Відомості відсутні
Інформація для здійснення зв'язку:
+380567221152, +380567221155, www.a-bank.com.ua
Номер, дата та час формування виписки:
551751423093, 01.02.2022 12:00:38
Приватний нотаріус Крючкова Т.В. Крючкова Т.В.

=== PAGE 79 ===


=== PAGE 80 ===


=== PAGE 81 ===


=== PAGE 82 ===


=== PAGE 83 ===


=== PAGE 84 ===


=== PAGE 85 ===


=== PAGE 86 ===


=== PAGE 87 ===


=== PAGE 88 ===


=== PAGE 89 ===


=== PAGE 90 ===
АТ "А - БАНК" <abnrm@a-bank.com.ua>
Позовна заява до Подольський Андрій Юрійович про стягнення заборгованості за
Договором SAMABWFC10073509345 від 18.11.2020
1 повідомлення
АТ "А - БАНК" <abnrm@a-bank.com.ua> 14 червня 2026 р. o 08:09
Кому: ANDRII.PODOLSKYI@GMAIL.COM
Доброго дня! АТ "А - БАНК" направляє на електронну поштову адресу, позовну заяву до Подольський
Андрій Юрійович
про стягнення заборгованості за Договором SAMABWFC10073509345 від 18.11.2020 разом із доданими
до неї документами.
Додатки:
• Клопотання про розгляд справи за відсутності Позивача (оригінал наявний у позивача);
• Заява про внесення даних ЄДРПОУ позивача до додаткових відомостей про учасника справи при
реєстрація справи у підсистемі ЄСІТС "Електронний суд";
• Розрахунок заборгованості (оригінал додається);
• Копія Анкети-заяви про приєднання до Умов та Правил надання банківських послуг у А-Банку
(оригінал наявний у позивача);
• Копія паспорта споживчого кредиту за програмою "Кредитна картка" (оригінал наявний у позивача);
• Банківська виписка по рахунку (оригінал додається);
• Копія довідки за лімітами (оригінал наявний у позивача);
• Копія довідки за картами (оригінал наявний у позивача);
• Довідка з результатом перевірки електронного кабінету відповідача (оригінал додається);
• Витяг із Умов та Правил надання банківських послуг у А-БАНКУ (оригінал Умов та Правил наявний у
позивача);
• Тарифи надання банківських послуг (оригінал наявний у позивача);
• Копія паспорту відповідача (оригінал наявний у відповідача);
• Копія виписки з ЄДРЮОФОП (оригінал наявний у позивача);
• Копія листа НБУ щодо банківської ліцензії (оригінал наявний у позивача);
• Копія витягу з державного реєстру банків (оригінал наявний у позивача);
• Витяг зі Статуту АТ "А-БАНК" (сторінки 1, 2, 34, 35, 36, 46, 47, 48) (оригінал Статуту наявний у
позивача);
• Копія ордеру представника позивача (оригінал наявний у позивача);
• Платіжне доручення про сплату судового збору (оригінал додається);
• Докази направлення позову з додатками Відповідачу.
Вкладених файлів: 2
SAMABWFC10073509345_14_06_2026_08:07:18.pdf
124K
SAMABWFC10073509345_addition_14_06_2026_08:07:21.pdf
3356K

=== PAGE 91 ===


=== PAGE 92 ===
ПЛАТІЖНЕ ДОРУЧЕННЯ № 6005315591751 0410001
вiд " 14-06-2026 " р. Одержано
банком
" 14-06-2026 "
р.
Платник Опл. держ. мит за активами А-Банку (пд.д.
Код 14360080
Банк платника Код банку
АТ «А-БАНК» 307770
Отримувач ГУК у Він.обл./м.Вінниця/22030101
Код 37979858
Банк отримувача Код банку
Казначейство України (ЕАП) 899998
ДЕБЕТ рах. №
74194940900003
КРЕДИТ рах. №
UA318999980313181206000002856
СУМА
2662.4000
UAH
Сума словами
Дві тисячі шістсот шістдесят дві гривні 40
копійок
Призначення платежу
*;101;14360080;Суд.збiр, за поз. АТ "А-Банк" (до 3138306873, Подольський Андрій Юрійович), Вінницький
міський суд Вінницької області
ДР
Проведено банком
" 14-06-2026 " р.
Пiдпис банком
Голова правління
АТ "А-БАНК" Кандауров Ю.В